@timestamp,measure_type,measure_float,brand,serial_number,establishment_id,establishment_name,establishment_city,establishment_postcode,establishment_address,establishment_latitude,establishment_longitude,room_id,room_name
2021-11-01T23:59:36Z,CO2,464,PandoSensors,B3D54FD000088F,1,Pando2,Paris,75018,48 Rue René Clair 75018 Île-de-France France,48.8939059,2.354347,4,Room 8F
2021-11-01T23:59:36Z,HUM,55,PandoSensors,B3D54FD000088F,1,Pando2,Paris,75018,48 Rue René Clair 75018 Île-de-France France,48.8939059,2.354347,4,Room 8F
2021-11-01T23:59:36Z,TMP,17,PandoSensors,B3D54FD000088F,1,Pando2,Paris,75018,48 Rue René Clair 75018 Île-de-France France,48.8939059,2.354347,4,Room 8F
2021-11-01T23:59:36Z,VOCT,117,PandoSensors,B3D54FD000088F,1,Pando2,Paris,75018,48 Rue René Clair 75018 Île-de-France France,48.8939059,2.354347,4,Room 8F
2021-11-01T23:49:36Z,CO2,475,PandoSensors,B3D54FD000088F,1,Pando2,Paris,75018,48 Rue René Clair 75018 Île-de-France France,48.8939059,2.354347,4,Room 8F
2021-11-01T23:49:36Z,HUM,55,PandoSensors,B3D54FD000088F,1,Pando2,Paris,75018,48 Rue René Clair 75018 Île-de-France France,48.8939059,2.354347,4,Room 8F
2021-11-01T23:49:36Z,TMP,17,PandoSensors,B3D54FD000088F,1,Pando2,Paris,75018,48 Rue René Clair 75018 Île-de-France France,48.8939059,2.354347,4,Room 8F
2021-11-01T23:49:36Z,VOCT,126,PandoSensors,B3D54FD000088F,1,Pando2,Paris,75018,48 Rue René Clair 75018 Île-de-France France,48.8939059,2.354347,4,Room 8F
2021-11-01T23:39:36Z,CO2,468,PandoSensors,B3D54FD000088F,1,Pando2,Paris,75018,48 Rue René Clair 75018 Île-de-France France,48.8939059,2.354347,4,Room 8F
2021-11-01T23:39:36Z,HUM,55,PandoSensors,B3D54FD000088F,1,Pando2,Paris,75018,48 Rue René Clair 75018 Île-de-France France,48.8939059,2.354347,4,Room 8F
2021-11-01T23:39:36Z,TMP,17,PandoSensors,B3D54FD000088F,1,Pando2,Paris,75018,48 Rue René Clair 75018 Île-de-France France,48.8939059,2.354347,4,Room 8F
2021-11-01T23:39:36Z,VOCT,112,PandoSensors,B3D54FD000088F,1,Pando2,Paris,75018,48 Rue René Clair 75018 Île-de-France France,48.8939059,2.354347,4,Room 8F
2021-11-01T23:29:36Z,CO2,465,PandoSensors,B3D54FD000088F,1,Pando2,Paris,75018,48 Rue René Clair 75018 Île-de-France France,48.8939059,2.354347,4,Room 8F
2021-11-01T23:29:36Z,HUM,55,PandoSensors,B3D54FD000088F,1,Pando2,Paris,75018,48 Rue René Clair 75018 Île-de-France France,48.8939059,2.354347,4,Room 8F
2021-11-01T23:29:36Z,TMP,17,PandoSensors,B3D54FD000088F,1,Pando2,Paris,75018,48 Rue René Clair 75018 Île-de-France France,48.8939059,2.354347,4,Room 8F
2021-11-01T23:29:36Z,VOCT,121,PandoSensors,B3D54FD000088F,1,Pando2,Paris,75018,48 Rue René Clair 75018 Île-de-France France,48.8939059,2.354347,4,Room 8F
2021-11-01T23:19:36Z,CO2,460,PandoSensors,B3D54FD000088F,1,Pando2,Paris,75018,48 Rue René Clair 75018 Île-de-France France,48.8939059,2.354347,4,Room 8F
2021-11-01T23:19:36Z,HUM,55,PandoSensors,B3D54FD000088F,1,Pando2,Paris,75018,48 Rue René Clair 75018 Île-de-France France,48.8939059,2.354347,4,Room 8F
2021-11-01T23:19:36Z,TMP,17,PandoSensors,B3D54FD000088F,1,Pando2,Paris,75018,48 Rue René Clair 75018 Île-de-France France,48.8939059,2.354347,4,Room 8F
2021-11-01T23:19:36Z,VOCT,135,PandoSensors,B3D54FD000088F,1,Pando2,Paris,75018,48 Rue René Clair 75018 Île-de-France France,48.8939059,2.354347,4,Room 8F
2021-11-01T23:09:35Z,CO2,479,PandoSensors,B3D54FD000088F,1,Pando2,Paris,75018,48 Rue René Clair 75018 Île-de-France France,48.8939059,2.354347,4,Room 8F
2021-11-01T23:09:35Z,HUM,55,PandoSensors,B3D54FD000088F,1,Pando2,Paris,75018,48 Rue René Clair 75018 Île-de-France France,48.8939059,2.354347,4,Room 8F
2021-11-01T23:09:35Z,TMP,17,PandoSensors,B3D54FD000088F,1,Pando2,Paris,75018,48 Rue René Clair 75018 Île-de-France France,48.8939059,2.354347,4,Room 8F
2021-11-01T23:09:35Z,VOCT,153,PandoSensors,B3D54FD000088F,1,Pando2,Paris,75018,48 Rue René Clair 75018 Île-de-France France,48.8939059,2.354347,4,Room 8F
2021-11-01T22:59:35Z,CO2,472,PandoSensors,B3D54FD000088F,1,Pando2,Paris,75018,48 Rue René Clair 75018 Île-de-France France,48.8939059,2.354347,4,Room 8F
2021-11-01T22:59:35Z,HUM,55,PandoSensors,B3D54FD000088F,1,Pando2,Paris,75018,48 Rue René Clair 75018 Île-de-France France,48.8939059,2.354347,4,Room 8F
2021-11-01T22:59:35Z,TMP,17,PandoSensors,B3D54FD000088F,1,Pando2,Paris,75018,48 Rue René Clair 75018 Île-de-France France,48.8939059,2.354347,4,Room 8F
2021-11-01T22:59:35Z,VOCT,144,PandoSensors,B3D54FD000088F,1,Pando2,Paris,75018,48 Rue René Clair 75018 Île-de-France France,48.8939059,2.354347,4,Room 8F
2021-11-01T22:49:35Z,CO2,449,PandoSensors,B3D54FD000088F,1,Pando2,Paris,75018,48 Rue René Clair 75018 Île-de-France France,48.8939059,2.354347,4,Room 8F
2021-11-01T22:49:35Z,HUM,55,PandoSensors,B3D54FD000088F,1,Pando2,Paris,75018,48 Rue René Clair 75018 Île-de-France France,48.8939059,2.354347,4,Room 8F
2021-11-01T22:49:35Z,TMP,17,PandoSensors,B3D54FD000088F,1,Pando2,Paris,75018,48 Rue René Clair 75018 Île-de-France France,48.8939059,2.354347,4,Room 8F
2021-11-01T22:49:35Z,VOCT,157,PandoSensors,B3D54FD000088F,1,Pando2,Paris,75018,48 Rue René Clair 75018 Île-de-France France,48.8939059,2.354347,4,Room 8F
2021-11-01T22:39:35Z,CO2,488,PandoSensors,B3D54FD000088F,1,Pando2,Paris,75018,48 Rue René Clair 75018 Île-de-France France,48.8939059,2.354347,4,Room 8F
2021-11-01T22:39:35Z,HUM,55,PandoSensors,B3D54FD000088F,1,Pando2,Paris,75018,48 Rue René Clair 75018 Île-de-France France,48.8939059,2.354347,4,Room 8F
2021-11-01T22:39:35Z,TMP,17,PandoSensors,B3D54FD000088F,1,Pando2,Paris,75018,48 Rue René Clair 75018 Île-de-France France,48.8939059,2.354347,4,Room 8F
2021-11-01T22:39:35Z,VOCT,175,PandoSensors,B3D54FD000088F,1,Pando2,Paris,75018,48 Rue René Clair 75018 Île-de-France France,48.8939059,2.354347,4,Room 8F
2021-11-01T22:29:35Z,CO2,468,PandoSensors,B3D54FD000088F,1,Pando2,Paris,75018,48 Rue René Clair 75018 Île-de-France France,48.8939059,2.354347,4,Room 8F
2021-11-01T22:29:35Z,HUM,55,PandoSensors,B3D54FD000088F,1,Pando2,Paris,75018,48 Rue René Clair 75018 Île-de-France France,48.8939059,2.354347,4,Room 8F
2021-11-01T22:29:35Z,TMP,17,PandoSensors,B3D54FD000088F,1,Pando2,Paris,75018,48 Rue René Clair 75018 Île-de-France France,48.8939059,2.354347,4,Room 8F
2021-11-01T22:29:35Z,VOCT,184,PandoSensors,B3D54FD000088F,1,Pando2,Paris,75018,48 Rue René Clair 75018 Île-de-France France,48.8939059,2.354347,4,Room 8F
2021-11-01T22:19:35Z,CO2,501,PandoSensors,B3D54FD000088F,1,Pando2,Paris,75018,48 Rue René Clair 75018 Île-de-France France,48.8939059,2.354347,4,Room 8F
2021-11-01T22:19:35Z,HUM,55,PandoSensors,B3D54FD000088F,1,Pando2,Paris,75018,48 Rue René Clair 75018 Île-de-France France,48.8939059,2.354347,4,Room 8F
2021-11-01T22:19:35Z,TMP,17,PandoSensors,B3D54FD000088F,1,Pando2,Paris,75018,48 Rue René Clair 75018 Île-de-France France,48.8939059,2.354347,4,Room 8F
2021-11-01T22:19:35Z,VOCT,180,PandoSensors,B3D54FD000088F,1,Pando2,Paris,75018,48 Rue René Clair 75018 Île-de-France France,48.8939059,2.354347,4,Room 8F
2021-11-01T22:09:35Z,CO2,483,PandoSensors,B3D54FD000088F,1,Pando2,Paris,75018,48 Rue René Clair 75018 Île-de-France France,48.8939059,2.354347,4,Room 8F
2021-11-01T22:09:35Z,HUM,55,PandoSensors,B3D54FD000088F,1,Pando2,Paris,75018,48 Rue René Clair 75018 Île-de-France France,48.8939059,2.354347,4,Room 8F
2021-11-01T22:09:35Z,TMP,17,PandoSensors,B3D54FD000088F,1,Pando2,Paris,75018,48 Rue René Clair 75018 Île-de-France France,48.8939059,2.354347,4,Room 8F
2021-11-01T22:09:35Z,VOCT,189,PandoSensors,B3D54FD000088F,1,Pando2,Paris,75018,48 Rue René Clair 75018 Île-de-France France,48.8939059,2.354347,4,Room 8F
2021-11-01T21:59:34Z,CO2,497,PandoSensors,B3D54FD000088F,1,Pando2,Paris,75018,48 Rue René Clair 75018 Île-de-France France,48.8939059,2.354347,4,Room 8F
2021-11-01T21:59:34Z,HUM,55,PandoSensors,B3D54FD000088F,1,Pando2,Paris,75018,48 Rue René Clair 75018 Île-de-France France,48.8939059,2.354347,4,Room 8F
2021-11-01T21:59:34Z,TMP,17,PandoSensors,B3D54FD000088F,1,Pando2,Paris,75018,48 Rue René Clair 75018 Île-de-France France,48.8939059,2.354347,4,Room 8F
2021-11-01T21:59:34Z,VOCT,207,PandoSensors,B3D54FD000088F,1,Pando2,Paris,75018,48 Rue René Clair 75018 Île-de-France France,48.8939059,2.354347,4,Room 8F
2021-11-01T21:49:34Z,CO2,488,PandoSensors,B3D54FD000088F,1,Pando2,Paris,75018,48 Rue René Clair 75018 Île-de-France France,48.8939059,2.354347,4,Room 8F
2021-11-01T21:49:34Z,HUM,55,PandoSensors,B3D54FD000088F,1,Pando2,Paris,75018,48 Rue René Clair 75018 Île-de-France France,48.8939059,2.354347,4,Room 8F
2021-11-01T21:49:34Z,TMP,17,PandoSensors,B3D54FD000088F,1,Pando2,Paris,75018,48 Rue René Clair 75018 Île-de-France France,48.8939059,2.354347,4,Room 8F
2021-11-01T21:49:34Z,VOCT,198,PandoSensors,B3D54FD000088F,1,Pando2,Paris,75018,48 Rue René Clair 75018 Île-de-France France,48.8939059,2.354347,4,Room 8F
2021-11-01T21:39:34Z,CO2,487,PandoSensors,B3D54FD000088F,1,Pando2,Paris,75018,48 Rue René Clair 75018 Île-de-France France,48.8939059,2.354347,4,Room 8F
2021-11-01T21:39:34Z,HUM,55,PandoSensors,B3D54FD000088F,1,Pando2,Paris,75018,48 Rue René Clair 75018 Île-de-France France,48.8939059,2.354347,4,Room 8F
2021-11-01T21:39:34Z,TMP,17,PandoSensors,B3D54FD000088F,1,Pando2,Paris,75018,48 Rue René Clair 75018 Île-de-France France,48.8939059,2.354347,4,Room 8F
2021-11-01T21:39:34Z,VOCT,234,PandoSensors,B3D54FD000088F,1,Pando2,Paris,75018,48 Rue René Clair 75018 Île-de-France France,48.8939059,2.354347,4,Room 8F
2021-11-01T21:29:34Z,CO2,509,PandoSensors,B3D54FD000088F,1,Pando2,Paris,75018,48 Rue René Clair 75018 Île-de-France France,48.8939059,2.354347,4,Room 8F
2021-11-01T21:29:34Z,HUM,55,PandoSensors,B3D54FD000088F,1,Pando2,Paris,75018,48 Rue René Clair 75018 Île-de-France France,48.8939059,2.354347,4,Room 8F
2021-11-01T21:29:34Z,TMP,17,PandoSensors,B3D54FD000088F,1,Pando2,Paris,75018,48 Rue René Clair 75018 Île-de-France France,48.8939059,2.354347,4,Room 8F
2021-11-01T21:29:34Z,VOCT,256,PandoSensors,B3D54FD000088F,1,Pando2,Paris,75018,48 Rue René Clair 75018 Île-de-France France,48.8939059,2.354347,4,Room 8F
2021-11-01T21:09:34Z,CO2,508,PandoSensors,B3D54FD000088F,1,Pando2,Paris,75018,48 Rue René Clair 75018 Île-de-France France,48.8939059,2.354347,4,Room 8F
2021-11-01T21:09:34Z,HUM,56,PandoSensors,B3D54FD000088F,1,Pando2,Paris,75018,48 Rue René Clair 75018 Île-de-France France,48.8939059,2.354347,4,Room 8F
2021-11-01T21:09:34Z,TMP,17,PandoSensors,B3D54FD000088F,1,Pando2,Paris,75018,48 Rue René Clair 75018 Île-de-France France,48.8939059,2.354347,4,Room 8F
2021-11-01T21:09:34Z,VOCT,274,PandoSensors,B3D54FD000088F,1,Pando2,Paris,75018,48 Rue René Clair 75018 Île-de-France France,48.8939059,2.354347,4,Room 8F
2021-11-01T20:59:34Z,CO2,467,PandoSensors,B3D54FD000088F,1,Pando2,Paris,75018,48 Rue René Clair 75018 Île-de-France France,48.8939059,2.354347,4,Room 8F
2021-11-01T20:59:34Z,HUM,55,PandoSensors,B3D54FD000088F,1,Pando2,Paris,75018,48 Rue René Clair 75018 Île-de-France France,48.8939059,2.354347,4,Room 8F
2021-11-01T20:59:34Z,TMP,17,PandoSensors,B3D54FD000088F,1,Pando2,Paris,75018,48 Rue René Clair 75018 Île-de-France France,48.8939059,2.354347,4,Room 8F
2021-11-01T20:59:34Z,VOCT,283,PandoSensors,B3D54FD000088F,1,Pando2,Paris,75018,48 Rue René Clair 75018 Île-de-France France,48.8939059,2.354347,4,Room 8F
2021-11-01T20:49:34Z,CO2,490,PandoSensors,B3D54FD000088F,1,Pando2,Paris,75018,48 Rue René Clair 75018 Île-de-France France,48.8939059,2.354347,4,Room 8F
2021-11-01T20:49:34Z,HUM,56,PandoSensors,B3D54FD000088F,1,Pando2,Paris,75018,48 Rue René Clair 75018 Île-de-France France,48.8939059,2.354347,4,Room 8F
2021-11-01T20:49:34Z,TMP,17,PandoSensors,B3D54FD000088F,1,Pando2,Paris,75018,48 Rue René Clair 75018 Île-de-France France,48.8939059,2.354347,4,Room 8F
2021-11-01T20:49:34Z,VOCT,283,PandoSensors,B3D54FD000088F,1,Pando2,Paris,75018,48 Rue René Clair 75018 Île-de-France France,48.8939059,2.354347,4,Room 8F
2021-11-01T20:39:33Z,CO2,485,PandoSensors,B3D54FD000088F,1,Pando2,Paris,75018,48 Rue René Clair 75018 Île-de-France France,48.8939059,2.354347,4,Room 8F
2021-11-01T20:39:33Z,HUM,56,PandoSensors,B3D54FD000088F,1,Pando2,Paris,75018,48 Rue René Clair 75018 Île-de-France France,48.8939059,2.354347,4,Room 8F
2021-11-01T20:39:33Z,TMP,17,PandoSensors,B3D54FD000088F,1,Pando2,Paris,75018,48 Rue René Clair 75018 Île-de-France France,48.8939059,2.354347,4,Room 8F
2021-11-01T20:39:33Z,VOCT,279,PandoSensors,B3D54FD000088F,1,Pando2,Paris,75018,48 Rue René Clair 75018 Île-de-France France,48.8939059,2.354347,4,Room 8F
2021-11-01T20:29:33Z,CO2,486,PandoSensors,B3D54FD000088F,1,Pando2,Paris,75018,48 Rue René Clair 75018 Île-de-France France,48.8939059,2.354347,4,Room 8F
2021-11-01T20:29:33Z,HUM,56,PandoSensors,B3D54FD000088F,1,Pando2,Paris,75018,48 Rue René Clair 75018 Île-de-France France,48.8939059,2.354347,4,Room 8F
2021-11-01T20:29:33Z,TMP,17,PandoSensors,B3D54FD000088F,1,Pando2,Paris,75018,48 Rue René Clair 75018 Île-de-France France,48.8939059,2.354347,4,Room 8F
2021-11-01T20:29:33Z,VOCT,265,PandoSensors,B3D54FD000088F,1,Pando2,Paris,75018,48 Rue René Clair 75018 Île-de-France France,48.8939059,2.354347,4,Room 8F
2021-11-01T20:19:33Z,CO2,460,PandoSensors,B3D54FD000088F,1,Pando2,Paris,75018,48 Rue René Clair 75018 Île-de-France France,48.8939059,2.354347,4,Room 8F
2021-11-01T20:19:33Z,HUM,56,PandoSensors,B3D54FD000088F,1,Pando2,Paris,75018,48 Rue René Clair 75018 Île-de-France France,48.8939059,2.354347,4,Room 8F
2021-11-01T20:19:33Z,TMP,17,PandoSensors,B3D54FD000088F,1,Pando2,Paris,75018,48 Rue René Clair 75018 Île-de-France France,48.8939059,2.354347,4,Room 8F
2021-11-01T20:19:33Z,VOCT,256,PandoSensors,B3D54FD000088F,1,Pando2,Paris,75018,48 Rue René Clair 75018 Île-de-France France,48.8939059,2.354347,4,Room 8F
2021-11-01T20:09:33Z,CO2,514,PandoSensors,B3D54FD000088F,1,Pando2,Paris,75018,48 Rue René Clair 75018 Île-de-France France,48.8939059,2.354347,4,Room 8F
2021-11-01T20:09:33Z,HUM,56,PandoSensors,B3D54FD000088F,1,Pando2,Paris,75018,48 Rue René Clair 75018 Île-de-France France,48.8939059,2.354347,4,Room 8F
2021-11-01T20:09:33Z,TMP,17,PandoSensors,B3D54FD000088F,1,Pando2,Paris,75018,48 Rue René Clair 75018 Île-de-France France,48.8939059,2.354347,4,Room 8F
2021-11-01T20:09:33Z,VOCT,256,PandoSensors,B3D54FD000088F,1,Pando2,Paris,75018,48 Rue René Clair 75018 Île-de-France France,48.8939059,2.354347,4,Room 8F
2021-11-01T19:59:33Z,CO2,497,PandoSensors,B3D54FD000088F,1,Pando2,Paris,75018,48 Rue René Clair 75018 Île-de-France France,48.8939059,2.354347,4,Room 8F
2021-11-01T19:59:33Z,HUM,56,PandoSensors,B3D54FD000088F,1,Pando2,Paris,75018,48 Rue René Clair 75018 Île-de-France France,48.8939059,2.354347,4,Room 8F
2021-11-01T19:59:33Z,TMP,17,PandoSensors,B3D54FD000088F,1,Pando2,Paris,75018,48 Rue René Clair 75018 Île-de-France France,48.8939059,2.354347,4,Room 8F
2021-11-01T19:59:33Z,VOCT,247,PandoSensors,B3D54FD000088F,1,Pando2,Paris,75018,48 Rue René Clair 75018 Île-de-France France,48.8939059,2.354347,4,Room 8F
2021-11-01T19:49:33Z,CO2,438,PandoSensors,B3D54FD000088F,1,Pando2,Paris,75018,48 Rue René Clair 75018 Île-de-France France,48.8939059,2.354347,4,Room 8F
2021-11-01T19:49:33Z,HUM,56,PandoSensors,B3D54FD000088F,1,Pando2,Paris,75018,48 Rue René Clair 75018 Île-de-France France,48.8939059,2.354347,4,Room 8F
2021-11-01T19:49:33Z,TMP,17,PandoSensors,B3D54FD000088F,1,Pando2,Paris,75018,48 Rue René Clair 75018 Île-de-France France,48.8939059,2.354347,4,Room 8F
2021-11-01T19:49:33Z,VOCT,247,PandoSensors,B3D54FD000088F,1,Pando2,Paris,75018,48 Rue René Clair 75018 Île-de-France France,48.8939059,2.354347,4,Room 8F
2021-11-01T19:09:32Z,CO2,496,PandoSensors,B3D54FD000088F,1,Pando2,Paris,75018,48 Rue René Clair 75018 Île-de-France France,48.8939059,2.354347,4,Room 8F
2021-11-01T19:09:32Z,HUM,56,PandoSensors,B3D54FD000088F,1,Pando2,Paris,75018,48 Rue René Clair 75018 Île-de-France France,48.8939059,2.354347,4,Room 8F
2021-11-01T19:09:32Z,TMP,17,PandoSensors,B3D54FD000088F,1,Pando2,Paris,75018,48 Rue René Clair 75018 Île-de-France France,48.8939059,2.354347,4,Room 8F
2021-11-01T19:09:32Z,VOCT,202,PandoSensors,B3D54FD000088F,1,Pando2,Paris,75018,48 Rue René Clair 75018 Île-de-France France,48.8939059,2.354347,4,Room 8F
2021-11-01T18:59:32Z,CO2,480,PandoSensors,B3D54FD000088F,1,Pando2,Paris,75018,48 Rue René Clair 75018 Île-de-France France,48.8939059,2.354347,4,Room 8F
2021-11-01T18:59:32Z,HUM,56,PandoSensors,B3D54FD000088F,1,Pando2,Paris,75018,48 Rue René Clair 75018 Île-de-France France,48.8939059,2.354347,4,Room 8F
2021-11-01T18:59:32Z,TMP,17,PandoSensors,B3D54FD000088F,1,Pando2,Paris,75018,48 Rue René Clair 75018 Île-de-France France,48.8939059,2.354347,4,Room 8F
2021-11-01T18:59:32Z,VOCT,198,PandoSensors,B3D54FD000088F,1,Pando2,Paris,75018,48 Rue René Clair 75018 Île-de-France France,48.8939059,2.354347,4,Room 8F
2021-11-01T18:49:32Z,CO2,474,PandoSensors,B3D54FD000088F,1,Pando2,Paris,75018,48 Rue René Clair 75018 Île-de-France France,48.8939059,2.354347,4,Room 8F
2021-11-01T18:49:32Z,HUM,56,PandoSensors,B3D54FD000088F,1,Pando2,Paris,75018,48 Rue René Clair 75018 Île-de-France France,48.8939059,2.354347,4,Room 8F
2021-11-01T18:49:32Z,TMP,17,PandoSensors,B3D54FD000088F,1,Pando2,Paris,75018,48 Rue René Clair 75018 Île-de-France France,48.8939059,2.354347,4,Room 8F
2021-11-01T18:49:32Z,VOCT,184,PandoSensors,B3D54FD000088F,1,Pando2,Paris,75018,48 Rue René Clair 75018 Île-de-France France,48.8939059,2.354347,4,Room 8F
2021-11-01T18:39:32Z,CO2,469,PandoSensors,B3D54FD000088F,1,Pando2,Paris,75018,48 Rue René Clair 75018 Île-de-France France,48.8939059,2.354347,4,Room 8F
2021-11-01T18:39:32Z,HUM,56,PandoSensors,B3D54FD000088F,1,Pando2,Paris,75018,48 Rue René Clair 75018 Île-de-France France,48.8939059,2.354347,4,Room 8F
2021-11-01T18:39:32Z,TMP,17,PandoSensors,B3D54FD000088F,1,Pando2,Paris,75018,48 Rue René Clair 75018 Île-de-France France,48.8939059,2.354347,4,Room 8F
2021-11-01T18:39:32Z,VOCT,171,PandoSensors,B3D54FD000088F,1,Pando2,Paris,75018,48 Rue René Clair 75018 Île-de-France France,48.8939059,2.354347,4,Room 8F
2021-11-01T18:19:32Z,CO2,497,PandoSensors,B3D54FD000088F,1,Pando2,Paris,75018,48 Rue René Clair 75018 Île-de-France France,48.8939059,2.354347,4,Room 8F
2021-11-01T18:19:32Z,HUM,56,PandoSensors,B3D54FD000088F,1,Pando2,Paris,75018,48 Rue René Clair 75018 Île-de-France France,48.8939059,2.354347,4,Room 8F
2021-11-01T18:19:32Z,TMP,17,PandoSensors,B3D54FD000088F,1,Pando2,Paris,75018,48 Rue René Clair 75018 Île-de-France France,48.8939059,2.354347,4,Room 8F
2021-11-01T18:19:32Z,VOCT,166,PandoSensors,B3D54FD000088F,1,Pando2,Paris,75018,48 Rue René Clair 75018 Île-de-France France,48.8939059,2.354347,4,Room 8F
2021-11-01T18:09:31Z,CO2,465,PandoSensors,B3D54FD000088F,1,Pando2,Paris,75018,48 Rue René Clair 75018 Île-de-France France,48.8939059,2.354347,4,Room 8F
2021-11-01T18:09:31Z,HUM,56,PandoSensors,B3D54FD000088F,1,Pando2,Paris,75018,48 Rue René Clair 75018 Île-de-France France,48.8939059,2.354347,4,Room 8F
2021-11-01T18:09:31Z,TMP,17,PandoSensors,B3D54FD000088F,1,Pando2,Paris,75018,48 Rue René Clair 75018 Île-de-France France,48.8939059,2.354347,4,Room 8F
2021-11-01T18:09:31Z,VOCT,166,PandoSensors,B3D54FD000088F,1,Pando2,Paris,75018,48 Rue René Clair 75018 Île-de-France France,48.8939059,2.354347,4,Room 8F
2021-11-01T17:49:31Z,CO2,460,PandoSensors,B3D54FD000088F,1,Pando2,Paris,75018,48 Rue René Clair 75018 Île-de-France France,48.8939059,2.354347,4,Room 8F
2021-11-01T17:49:31Z,HUM,56,PandoSensors,B3D54FD000088F,1,Pando2,Paris,75018,48 Rue René Clair 75018 Île-de-France France,48.8939059,2.354347,4,Room 8F
2021-11-01T17:49:31Z,TMP,17,PandoSensors,B3D54FD000088F,1,Pando2,Paris,75018,48 Rue René Clair 75018 Île-de-France France,48.8939059,2.354347,4,Room 8F
2021-11-01T17:49:31Z,VOCT,166,PandoSensors,B3D54FD000088F,1,Pando2,Paris,75018,48 Rue René Clair 75018 Île-de-France France,48.8939059,2.354347,4,Room 8F
2021-11-01T17:39:31Z,CO2,442,PandoSensors,B3D54FD000088F,1,Pando2,Paris,75018,48 Rue René Clair 75018 Île-de-France France,48.8939059,2.354347,4,Room 8F
2021-11-01T17:39:31Z,HUM,55,PandoSensors,B3D54FD000088F,1,Pando2,Paris,75018,48 Rue René Clair 75018 Île-de-France France,48.8939059,2.354347,4,Room 8F
2021-11-01T17:39:31Z,TMP,17,PandoSensors,B3D54FD000088F,1,Pando2,Paris,75018,48 Rue René Clair 75018 Île-de-France France,48.8939059,2.354347,4,Room 8F
2021-11-01T17:39:31Z,VOCT,166,PandoSensors,B3D54FD000088F,1,Pando2,Paris,75018,48 Rue René Clair 75018 Île-de-France France,48.8939059,2.354347,4,Room 8F
2021-11-01T17:29:31Z,CO2,431,PandoSensors,B3D54FD000088F,1,Pando2,Paris,75018,48 Rue René Clair 75018 Île-de-France France,48.8939059,2.354347,4,Room 8F
2021-11-01T17:29:31Z,HUM,55,PandoSensors,B3D54FD000088F,1,Pando2,Paris,75018,48 Rue René Clair 75018 Île-de-France France,48.8939059,2.354347,4,Room 8F
2021-11-01T17:29:31Z,TMP,17,PandoSensors,B3D54FD000088F,1,Pando2,Paris,75018,48 Rue René Clair 75018 Île-de-France France,48.8939059,2.354347,4,Room 8F
2021-11-01T17:29:31Z,VOCT,139,PandoSensors,B3D54FD000088F,1,Pando2,Paris,75018,48 Rue René Clair 75018 Île-de-France France,48.8939059,2.354347,4,Room 8F
2021-11-01T17:19:31Z,CO2,476,PandoSensors,B3D54FD000088F,1,Pando2,Paris,75018,48 Rue René Clair 75018 Île-de-France France,48.8939059,2.354347,4,Room 8F
2021-11-01T17:19:31Z,HUM,55,PandoSensors,B3D54FD000088F,1,Pando2,Paris,75018,48 Rue René Clair 75018 Île-de-France France,48.8939059,2.354347,4,Room 8F
2021-11-01T17:19:31Z,TMP,17,PandoSensors,B3D54FD000088F,1,Pando2,Paris,75018,48 Rue René Clair 75018 Île-de-France France,48.8939059,2.354347,4,Room 8F
2021-11-01T17:19:31Z,VOCT,162,PandoSensors,B3D54FD000088F,1,Pando2,Paris,75018,48 Rue René Clair 75018 Île-de-France France,48.8939059,2.354347,4,Room 8F
2021-11-01T17:09:31Z,CO2,473,PandoSensors,B3D54FD000088F,1,Pando2,Paris,75018,48 Rue René Clair 75018 Île-de-France France,48.8939059,2.354347,4,Room 8F
2021-11-01T17:09:31Z,HUM,55,PandoSensors,B3D54FD000088F,1,Pando2,Paris,75018,48 Rue René Clair 75018 Île-de-France France,48.8939059,2.354347,4,Room 8F
2021-11-01T17:09:31Z,TMP,17,PandoSensors,B3D54FD000088F,1,Pando2,Paris,75018,48 Rue René Clair 75018 Île-de-France France,48.8939059,2.354347,4,Room 8F
2021-11-01T17:09:31Z,VOCT,148,PandoSensors,B3D54FD000088F,1,Pando2,Paris,75018,48 Rue René Clair 75018 Île-de-France France,48.8939059,2.354347,4,Room 8F
2021-11-01T16:59:31Z,CO2,484,PandoSensors,B3D54FD000088F,1,Pando2,Paris,75018,48 Rue René Clair 75018 Île-de-France France,48.8939059,2.354347,4,Room 8F
2021-11-01T16:59:31Z,HUM,55,PandoSensors,B3D54FD000088F,1,Pando2,Paris,75018,48 Rue René Clair 75018 Île-de-France France,48.8939059,2.354347,4,Room 8F
2021-11-01T16:59:31Z,TMP,17,PandoSensors,B3D54FD000088F,1,Pando2,Paris,75018,48 Rue René Clair 75018 Île-de-France France,48.8939059,2.354347,4,Room 8F
2021-11-01T16:59:31Z,VOCT,148,PandoSensors,B3D54FD000088F,1,Pando2,Paris,75018,48 Rue René Clair 75018 Île-de-France France,48.8939059,2.354347,4,Room 8F
2021-11-01T16:49:30Z,CO2,436,PandoSensors,B3D54FD000088F,1,Pando2,Paris,75018,48 Rue René Clair 75018 Île-de-France France,48.8939059,2.354347,4,Room 8F
2021-11-01T16:49:30Z,HUM,55,PandoSensors,B3D54FD000088F,1,Pando2,Paris,75018,48 Rue René Clair 75018 Île-de-France France,48.8939059,2.354347,4,Room 8F
2021-11-01T16:49:30Z,TMP,17,PandoSensors,B3D54FD000088F,1,Pando2,Paris,75018,48 Rue René Clair 75018 Île-de-France France,48.8939059,2.354347,4,Room 8F
2021-11-01T16:49:30Z,VOCT,162,PandoSensors,B3D54FD000088F,1,Pando2,Paris,75018,48 Rue René Clair 75018 Île-de-France France,48.8939059,2.354347,4,Room 8F
2021-11-01T16:39:30Z,CO2,459,PandoSensors,B3D54FD000088F,1,Pando2,Paris,75018,48 Rue René Clair 75018 Île-de-France France,48.8939059,2.354347,4,Room 8F
2021-11-01T16:39:30Z,HUM,55,PandoSensors,B3D54FD000088F,1,Pando2,Paris,75018,48 Rue René Clair 75018 Île-de-France France,48.8939059,2.354347,4,Room 8F
2021-11-01T16:39:30Z,TMP,17,PandoSensors,B3D54FD000088F,1,Pando2,Paris,75018,48 Rue René Clair 75018 Île-de-France France,48.8939059,2.354347,4,Room 8F
2021-11-01T16:39:30Z,VOCT,126,PandoSensors,B3D54FD000088F,1,Pando2,Paris,75018,48 Rue René Clair 75018 Île-de-France France,48.8939059,2.354347,4,Room 8F
2021-11-01T16:29:30Z,CO2,464,PandoSensors,B3D54FD000088F,1,Pando2,Paris,75018,48 Rue René Clair 75018 Île-de-France France,48.8939059,2.354347,4,Room 8F
2021-11-01T16:29:30Z,HUM,55,PandoSensors,B3D54FD000088F,1,Pando2,Paris,75018,48 Rue René Clair 75018 Île-de-France France,48.8939059,2.354347,4,Room 8F
2021-11-01T16:29:30Z,TMP,17,PandoSensors,B3D54FD000088F,1,Pando2,Paris,75018,48 Rue René Clair 75018 Île-de-France France,48.8939059,2.354347,4,Room 8F
2021-11-01T16:29:30Z,VOCT,112,PandoSensors,B3D54FD000088F,1,Pando2,Paris,75018,48 Rue René Clair 75018 Île-de-France France,48.8939059,2.354347,4,Room 8F
2021-11-01T16:19:30Z,CO2,433,PandoSensors,B3D54FD000088F,1,Pando2,Paris,75018,48 Rue René Clair 75018 Île-de-France France,48.8939059,2.354347,4,Room 8F
2021-11-01T16:19:30Z,HUM,55,PandoSensors,B3D54FD000088F,1,Pando2,Paris,75018,48 Rue René Clair 75018 Île-de-France France,48.8939059,2.354347,4,Room 8F
2021-11-01T16:19:30Z,TMP,17,PandoSensors,B3D54FD000088F,1,Pando2,Paris,75018,48 Rue René Clair 75018 Île-de-France France,48.8939059,2.354347,4,Room 8F
2021-11-01T16:19:30Z,VOCT,112,PandoSensors,B3D54FD000088F,1,Pando2,Paris,75018,48 Rue René Clair 75018 Île-de-France France,48.8939059,2.354347,4,Room 8F
2021-11-01T16:09:30Z,CO2,461,PandoSensors,B3D54FD000088F,1,Pando2,Paris,75018,48 Rue René Clair 75018 Île-de-France France,48.8939059,2.354347,4,Room 8F
2021-11-01T16:09:30Z,HUM,55,PandoSensors,B3D54FD000088F,1,Pando2,Paris,75018,48 Rue René Clair 75018 Île-de-France France,48.8939059,2.354347,4,Room 8F
2021-11-01T16:09:30Z,TMP,17,PandoSensors,B3D54FD000088F,1,Pando2,Paris,75018,48 Rue René Clair 75018 Île-de-France France,48.8939059,2.354347,4,Room 8F
2021-11-01T16:09:30Z,VOCT,94,PandoSensors,B3D54FD000088F,1,Pando2,Paris,75018,48 Rue René Clair 75018 Île-de-France France,48.8939059,2.354347,4,Room 8F
2021-11-01T15:49:30Z,CO2,457,PandoSensors,B3D54FD000088F,1,Pando2,Paris,75018,48 Rue René Clair 75018 Île-de-France France,48.8939059,2.354347,4,Room 8F
2021-11-01T15:49:30Z,HUM,54,PandoSensors,B3D54FD000088F,1,Pando2,Paris,75018,48 Rue René Clair 75018 Île-de-France France,48.8939059,2.354347,4,Room 8F
2021-11-01T15:49:30Z,TMP,17,PandoSensors,B3D54FD000088F,1,Pando2,Paris,75018,48 Rue René Clair 75018 Île-de-France France,48.8939059,2.354347,4,Room 8F
2021-11-01T15:49:30Z,VOCT,85,PandoSensors,B3D54FD000088F,1,Pando2,Paris,75018,48 Rue René Clair 75018 Île-de-France France,48.8939059,2.354347,4,Room 8F
2021-11-01T15:39:30Z,CO2,477,PandoSensors,B3D54FD000088F,1,Pando2,Paris,75018,48 Rue René Clair 75018 Île-de-France France,48.8939059,2.354347,4,Room 8F
2021-11-01T15:39:30Z,HUM,54,PandoSensors,B3D54FD000088F,1,Pando2,Paris,75018,48 Rue René Clair 75018 Île-de-France France,48.8939059,2.354347,4,Room 8F
2021-11-01T15:39:30Z,TMP,17,PandoSensors,B3D54FD000088F,1,Pando2,Paris,75018,48 Rue René Clair 75018 Île-de-France France,48.8939059,2.354347,4,Room 8F
2021-11-01T15:39:30Z,VOCT,94,PandoSensors,B3D54FD000088F,1,Pando2,Paris,75018,48 Rue René Clair 75018 Île-de-France France,48.8939059,2.354347,4,Room 8F
2021-11-01T15:29:30Z,CO2,465,PandoSensors,B3D54FD000088F,1,Pando2,Paris,75018,48 Rue René Clair 75018 Île-de-France France,48.8939059,2.354347,4,Room 8F
2021-11-01T15:29:30Z,HUM,54,PandoSensors,B3D54FD000088F,1,Pando2,Paris,75018,48 Rue René Clair 75018 Île-de-France France,48.8939059,2.354347,4,Room 8F
2021-11-01T15:29:30Z,TMP,17,PandoSensors,B3D54FD000088F,1,Pando2,Paris,75018,48 Rue René Clair 75018 Île-de-France France,48.8939059,2.354347,4,Room 8F
2021-11-01T15:29:30Z,VOCT,81,PandoSensors,B3D54FD000088F,1,Pando2,Paris,75018,48 Rue René Clair 75018 Île-de-France France,48.8939059,2.354347,4,Room 8F
2021-11-01T15:19:29Z,CO2,456,PandoSensors,B3D54FD000088F,1,Pando2,Paris,75018,48 Rue René Clair 75018 Île-de-France France,48.8939059,2.354347,4,Room 8F
2021-11-01T15:19:29Z,HUM,54,PandoSensors,B3D54FD000088F,1,Pando2,Paris,75018,48 Rue René Clair 75018 Île-de-France France,48.8939059,2.354347,4,Room 8F
2021-11-01T15:19:29Z,TMP,17,PandoSensors,B3D54FD000088F,1,Pando2,Paris,75018,48 Rue René Clair 75018 Île-de-France France,48.8939059,2.354347,4,Room 8F
2021-11-01T15:19:29Z,VOCT,67,PandoSensors,B3D54FD000088F,1,Pando2,Paris,75018,48 Rue René Clair 75018 Île-de-France France,48.8939059,2.354347,4,Room 8F
2021-11-01T14:39:29Z,CO2,454,PandoSensors,B3D54FD000088F,1,Pando2,Paris,75018,48 Rue René Clair 75018 Île-de-France France,48.8939059,2.354347,4,Room 8F
2021-11-01T14:39:29Z,HUM,53,PandoSensors,B3D54FD000088F,1,Pando2,Paris,75018,48 Rue René Clair 75018 Île-de-France France,48.8939059,2.354347,4,Room 8F
2021-11-01T14:39:29Z,TMP,18,PandoSensors,B3D54FD000088F,1,Pando2,Paris,75018,48 Rue René Clair 75018 Île-de-France France,48.8939059,2.354347,4,Room 8F
2021-11-01T14:39:29Z,VOCT,31,PandoSensors,B3D54FD000088F,1,Pando2,Paris,75018,48 Rue René Clair 75018 Île-de-France France,48.8939059,2.354347,4,Room 8F
2021-11-01T14:29:29Z,CO2,480,PandoSensors,B3D54FD000088F,1,Pando2,Paris,75018,48 Rue René Clair 75018 Île-de-France France,48.8939059,2.354347,4,Room 8F
2021-11-01T14:29:29Z,HUM,53,PandoSensors,B3D54FD000088F,1,Pando2,Paris,75018,48 Rue René Clair 75018 Île-de-France France,48.8939059,2.354347,4,Room 8F
2021-11-01T14:29:29Z,TMP,18,PandoSensors,B3D54FD000088F,1,Pando2,Paris,75018,48 Rue René Clair 75018 Île-de-France France,48.8939059,2.354347,4,Room 8F
2021-11-01T14:29:29Z,VOCT,49,PandoSensors,B3D54FD000088F,1,Pando2,Paris,75018,48 Rue René Clair 75018 Île-de-France France,48.8939059,2.354347,4,Room 8F
2021-11-01T13:59:28Z,CO2,481,PandoSensors,B3D54FD000088F,1,Pando2,Paris,75018,48 Rue René Clair 75018 Île-de-France France,48.8939059,2.354347,4,Room 8F
2021-11-01T13:59:28Z,HUM,53,PandoSensors,B3D54FD000088F,1,Pando2,Paris,75018,48 Rue René Clair 75018 Île-de-France France,48.8939059,2.354347,4,Room 8F
2021-11-01T13:59:28Z,TMP,18,PandoSensors,B3D54FD000088F,1,Pando2,Paris,75018,48 Rue René Clair 75018 Île-de-France France,48.8939059,2.354347,4,Room 8F
2021-11-01T13:59:28Z,VOCT,22,PandoSensors,B3D54FD000088F,1,Pando2,Paris,75018,48 Rue René Clair 75018 Île-de-France France,48.8939059,2.354347,4,Room 8F
2021-11-01T13:39:28Z,CO2,419,PandoSensors,B3D54FD000088F,1,Pando2,Paris,75018,48 Rue René Clair 75018 Île-de-France France,48.8939059,2.354347,4,Room 8F
2021-11-01T13:39:28Z,HUM,53,PandoSensors,B3D54FD000088F,1,Pando2,Paris,75018,48 Rue René Clair 75018 Île-de-France France,48.8939059,2.354347,4,Room 8F
2021-11-01T13:39:28Z,TMP,18,PandoSensors,B3D54FD000088F,1,Pando2,Paris,75018,48 Rue René Clair 75018 Île-de-France France,48.8939059,2.354347,4,Room 8F
2021-11-01T13:39:28Z,VOCT,45,PandoSensors,B3D54FD000088F,1,Pando2,Paris,75018,48 Rue René Clair 75018 Île-de-France France,48.8939059,2.354347,4,Room 8F
2021-11-01T13:19:28Z,CO2,472,PandoSensors,B3D54FD000088F,1,Pando2,Paris,75018,48 Rue René Clair 75018 Île-de-France France,48.8939059,2.354347,4,Room 8F
2021-11-01T13:19:28Z,HUM,53,PandoSensors,B3D54FD000088F,1,Pando2,Paris,75018,48 Rue René Clair 75018 Île-de-France France,48.8939059,2.354347,4,Room 8F
2021-11-01T13:19:28Z,TMP,18,PandoSensors,B3D54FD000088F,1,Pando2,Paris,75018,48 Rue René Clair 75018 Île-de-France France,48.8939059,2.354347,4,Room 8F
2021-11-01T13:19:28Z,VOCT,36,PandoSensors,B3D54FD000088F,1,Pando2,Paris,75018,48 Rue René Clair 75018 Île-de-France France,48.8939059,2.354347,4,Room 8F
2021-11-01T13:09:28Z,CO2,447,PandoSensors,B3D54FD000088F,1,Pando2,Paris,75018,48 Rue René Clair 75018 Île-de-France France,48.8939059,2.354347,4,Room 8F
2021-11-01T13:09:28Z,HUM,54,PandoSensors,B3D54FD000088F,1,Pando2,Paris,75018,48 Rue René Clair 75018 Île-de-France France,48.8939059,2.354347,4,Room 8F
2021-11-01T13:09:28Z,TMP,18,PandoSensors,B3D54FD000088F,1,Pando2,Paris,75018,48 Rue René Clair 75018 Île-de-France France,48.8939059,2.354347,4,Room 8F
2021-11-01T13:09:28Z,VOCT,58,PandoSensors,B3D54FD000088F,1,Pando2,Paris,75018,48 Rue René Clair 75018 Île-de-France France,48.8939059,2.354347,4,Room 8F
2021-11-01T12:49:27Z,CO2,464,PandoSensors,B3D54FD000088F,1,Pando2,Paris,75018,48 Rue René Clair 75018 Île-de-France France,48.8939059,2.354347,4,Room 8F
2021-11-01T12:49:27Z,HUM,53,PandoSensors,B3D54FD000088F,1,Pando2,Paris,75018,48 Rue René Clair 75018 Île-de-France France,48.8939059,2.354347,4,Room 8F
2021-11-01T12:49:27Z,TMP,17,PandoSensors,B3D54FD000088F,1,Pando2,Paris,75018,48 Rue René Clair 75018 Île-de-France France,48.8939059,2.354347,4,Room 8F
2021-11-01T12:49:27Z,VOCT,49,PandoSensors,B3D54FD000088F,1,Pando2,Paris,75018,48 Rue René Clair 75018 Île-de-France France,48.8939059,2.354347,4,Room 8F
2021-11-01T12:39:27Z,CO2,456,PandoSensors,B3D54FD000088F,1,Pando2,Paris,75018,48 Rue René Clair 75018 Île-de-France France,48.8939059,2.354347,4,Room 8F
2021-11-01T12:39:27Z,HUM,53,PandoSensors,B3D54FD000088F,1,Pando2,Paris,75018,48 Rue René Clair 75018 Île-de-France France,48.8939059,2.354347,4,Room 8F
2021-11-01T12:39:27Z,TMP,17,PandoSensors,B3D54FD000088F,1,Pando2,Paris,75018,48 Rue René Clair 75018 Île-de-France France,48.8939059,2.354347,4,Room 8F
2021-11-01T12:39:27Z,VOCT,31,PandoSensors,B3D54FD000088F,1,Pando2,Paris,75018,48 Rue René Clair 75018 Île-de-France France,48.8939059,2.354347,4,Room 8F
2021-11-01T12:29:27Z,CO2,464,PandoSensors,B3D54FD000088F,1,Pando2,Paris,75018,48 Rue René Clair 75018 Île-de-France France,48.8939059,2.354347,4,Room 8F
2021-11-01T12:29:27Z,HUM,54,PandoSensors,B3D54FD000088F,1,Pando2,Paris,75018,48 Rue René Clair 75018 Île-de-France France,48.8939059,2.354347,4,Room 8F
2021-11-01T12:29:27Z,TMP,17,PandoSensors,B3D54FD000088F,1,Pando2,Paris,75018,48 Rue René Clair 75018 Île-de-France France,48.8939059,2.354347,4,Room 8F
2021-11-01T12:29:27Z,VOCT,22,PandoSensors,B3D54FD000088F,1,Pando2,Paris,75018,48 Rue René Clair 75018 Île-de-France France,48.8939059,2.354347,4,Room 8F
2021-11-01T12:09:27Z,CO2,446,PandoSensors,B3D54FD000088F,1,Pando2,Paris,75018,48 Rue René Clair 75018 Île-de-France France,48.8939059,2.354347,4,Room 8F
2021-11-01T12:09:27Z,HUM,54,PandoSensors,B3D54FD000088F,1,Pando2,Paris,75018,48 Rue René Clair 75018 Île-de-France France,48.8939059,2.354347,4,Room 8F
2021-11-01T12:09:27Z,TMP,17,PandoSensors,B3D54FD000088F,1,Pando2,Paris,75018,48 Rue René Clair 75018 Île-de-France France,48.8939059,2.354347,4,Room 8F
2021-11-01T12:09:27Z,VOCT,49,PandoSensors,B3D54FD000088F,1,Pando2,Paris,75018,48 Rue René Clair 75018 Île-de-France France,48.8939059,2.354347,4,Room 8F
2021-11-01T11:49:27Z,CO2,465,PandoSensors,B3D54FD000088F,1,Pando2,Paris,75018,48 Rue René Clair 75018 Île-de-France France,48.8939059,2.354347,4,Room 8F
2021-11-01T11:49:27Z,HUM,54,PandoSensors,B3D54FD000088F,1,Pando2,Paris,75018,48 Rue René Clair 75018 Île-de-France France,48.8939059,2.354347,4,Room 8F
2021-11-01T11:49:27Z,TMP,17,PandoSensors,B3D54FD000088F,1,Pando2,Paris,75018,48 Rue René Clair 75018 Île-de-France France,48.8939059,2.354347,4,Room 8F
2021-11-01T11:49:27Z,VOCT,4,PandoSensors,B3D54FD000088F,1,Pando2,Paris,75018,48 Rue René Clair 75018 Île-de-France France,48.8939059,2.354347,4,Room 8F
2021-11-01T11:39:27Z,CO2,469,PandoSensors,B3D54FD000088F,1,Pando2,Paris,75018,48 Rue René Clair 75018 Île-de-France France,48.8939059,2.354347,4,Room 8F
2021-11-01T11:39:27Z,HUM,55,PandoSensors,B3D54FD000088F,1,Pando2,Paris,75018,48 Rue René Clair 75018 Île-de-France France,48.8939059,2.354347,4,Room 8F
2021-11-01T11:39:27Z,TMP,17,PandoSensors,B3D54FD000088F,1,Pando2,Paris,75018,48 Rue René Clair 75018 Île-de-France France,48.8939059,2.354347,4,Room 8F
2021-11-01T11:39:27Z,VOCT,27,PandoSensors,B3D54FD000088F,1,Pando2,Paris,75018,48 Rue René Clair 75018 Île-de-France France,48.8939059,2.354347,4,Room 8F
2021-11-01T11:09:26Z,CO2,498,PandoSensors,B3D54FD000088F,1,Pando2,Paris,75018,48 Rue René Clair 75018 Île-de-France France,48.8939059,2.354347,4,Room 8F
2021-11-01T11:09:26Z,HUM,55,PandoSensors,B3D54FD000088F,1,Pando2,Paris,75018,48 Rue René Clair 75018 Île-de-France France,48.8939059,2.354347,4,Room 8F
2021-11-01T11:09:26Z,TMP,17,PandoSensors,B3D54FD000088F,1,Pando2,Paris,75018,48 Rue René Clair 75018 Île-de-France France,48.8939059,2.354347,4,Room 8F
2021-11-01T11:09:26Z,VOCT,22,PandoSensors,B3D54FD000088F,1,Pando2,Paris,75018,48 Rue René Clair 75018 Île-de-France France,48.8939059,2.354347,4,Room 8F
2021-11-01T10:39:26Z,CO2,475,PandoSensors,B3D54FD000088F,1,Pando2,Paris,75018,48 Rue René Clair 75018 Île-de-France France,48.8939059,2.354347,4,Room 8F
2021-11-01T10:39:26Z,HUM,55,PandoSensors,B3D54FD000088F,1,Pando2,Paris,75018,48 Rue René Clair 75018 Île-de-France France,48.8939059,2.354347,4,Room 8F
2021-11-01T10:39:26Z,TMP,17,PandoSensors,B3D54FD000088F,1,Pando2,Paris,75018,48 Rue René Clair 75018 Île-de-France France,48.8939059,2.354347,4,Room 8F
2021-11-01T10:39:26Z,VOCT,9,PandoSensors,B3D54FD000088F,1,Pando2,Paris,75018,48 Rue René Clair 75018 Île-de-France France,48.8939059,2.354347,4,Room 8F
2021-11-01T10:29:26Z,CO2,473,PandoSensors,B3D54FD000088F,1,Pando2,Paris,75018,48 Rue René Clair 75018 Île-de-France France,48.8939059,2.354347,4,Room 8F
2021-11-01T10:29:26Z,HUM,55,PandoSensors,B3D54FD000088F,1,Pando2,Paris,75018,48 Rue René Clair 75018 Île-de-France France,48.8939059,2.354347,4,Room 8F
2021-11-01T10:29:26Z,TMP,17,PandoSensors,B3D54FD000088F,1,Pando2,Paris,75018,48 Rue René Clair 75018 Île-de-France France,48.8939059,2.354347,4,Room 8F
2021-11-01T10:29:26Z,VOCT,22,PandoSensors,B3D54FD000088F,1,Pando2,Paris,75018,48 Rue René Clair 75018 Île-de-France France,48.8939059,2.354347,4,Room 8F
2021-11-01T10:19:25Z,CO2,455,PandoSensors,B3D54FD000088F,1,Pando2,Paris,75018,48 Rue René Clair 75018 Île-de-France France,48.8939059,2.354347,4,Room 8F
2021-11-01T10:19:25Z,HUM,56,PandoSensors,B3D54FD000088F,1,Pando2,Paris,75018,48 Rue René Clair 75018 Île-de-France France,48.8939059,2.354347,4,Room 8F
2021-11-01T10:19:25Z,TMP,17,PandoSensors,B3D54FD000088F,1,Pando2,Paris,75018,48 Rue René Clair 75018 Île-de-France France,48.8939059,2.354347,4,Room 8F
2021-11-01T10:19:25Z,VOCT,27,PandoSensors,B3D54FD000088F,1,Pando2,Paris,75018,48 Rue René Clair 75018 Île-de-France France,48.8939059,2.354347,4,Room 8F
2021-11-01T09:59:25Z,CO2,480,PandoSensors,B3D54FD000088F,1,Pando2,Paris,75018,48 Rue René Clair 75018 Île-de-France France,48.8939059,2.354347,4,Room 8F
2021-11-01T09:59:25Z,HUM,56,PandoSensors,B3D54FD000088F,1,Pando2,Paris,75018,48 Rue René Clair 75018 Île-de-France France,48.8939059,2.354347,4,Room 8F
2021-11-01T09:59:25Z,TMP,17,PandoSensors,B3D54FD000088F,1,Pando2,Paris,75018,48 Rue René Clair 75018 Île-de-France France,48.8939059,2.354347,4,Room 8F
2021-11-01T09:59:25Z,VOCT,31,PandoSensors,B3D54FD000088F,1,Pando2,Paris,75018,48 Rue René Clair 75018 Île-de-France France,48.8939059,2.354347,4,Room 8F
2021-11-01T09:49:25Z,CO2,469,PandoSensors,B3D54FD000088F,1,Pando2,Paris,75018,48 Rue René Clair 75018 Île-de-France France,48.8939059,2.354347,4,Room 8F
2021-11-01T09:49:25Z,HUM,56,PandoSensors,B3D54FD000088F,1,Pando2,Paris,75018,48 Rue René Clair 75018 Île-de-France France,48.8939059,2.354347,4,Room 8F
2021-11-01T09:49:25Z,TMP,17,PandoSensors,B3D54FD000088F,1,Pando2,Paris,75018,48 Rue René Clair 75018 Île-de-France France,48.8939059,2.354347,4,Room 8F
2021-11-01T09:49:25Z,VOCT,4,PandoSensors,B3D54FD000088F,1,Pando2,Paris,75018,48 Rue René Clair 75018 Île-de-France France,48.8939059,2.354347,4,Room 8F
2021-11-01T09:39:25Z,CO2,490,PandoSensors,B3D54FD000088F,1,Pando2,Paris,75018,48 Rue René Clair 75018 Île-de-France France,48.8939059,2.354347,4,Room 8F
2021-11-01T09:39:25Z,HUM,56,PandoSensors,B3D54FD000088F,1,Pando2,Paris,75018,48 Rue René Clair 75018 Île-de-France France,48.8939059,2.354347,4,Room 8F
2021-11-01T09:39:25Z,TMP,17,PandoSensors,B3D54FD000088F,1,Pando2,Paris,75018,48 Rue René Clair 75018 Île-de-France France,48.8939059,2.354347,4,Room 8F
2021-11-01T09:39:25Z,VOCT,0,PandoSensors,B3D54FD000088F,1,Pando2,Paris,75018,48 Rue René Clair 75018 Île-de-France France,48.8939059,2.354347,4,Room 8F
2021-11-01T09:29:25Z,CO2,497,PandoSensors,B3D54FD000088F,1,Pando2,Paris,75018,48 Rue René Clair 75018 Île-de-France France,48.8939059,2.354347,4,Room 8F
2021-11-01T09:29:25Z,HUM,56,PandoSensors,B3D54FD000088F,1,Pando2,Paris,75018,48 Rue René Clair 75018 Île-de-France France,48.8939059,2.354347,4,Room 8F
2021-11-01T09:29:25Z,TMP,17,PandoSensors,B3D54FD000088F,1,Pando2,Paris,75018,48 Rue René Clair 75018 Île-de-France France,48.8939059,2.354347,4,Room 8F
2021-11-01T09:29:25Z,VOCT,31,PandoSensors,B3D54FD000088F,1,Pando2,Paris,75018,48 Rue René Clair 75018 Île-de-France France,48.8939059,2.354347,4,Room 8F
2021-11-01T09:19:25Z,CO2,481,PandoSensors,B3D54FD000088F,1,Pando2,Paris,75018,48 Rue René Clair 75018 Île-de-France France,48.8939059,2.354347,4,Room 8F
2021-11-01T09:19:25Z,HUM,56,PandoSensors,B3D54FD000088F,1,Pando2,Paris,75018,48 Rue René Clair 75018 Île-de-France France,48.8939059,2.354347,4,Room 8F
2021-11-01T09:19:25Z,TMP,17,PandoSensors,B3D54FD000088F,1,Pando2,Paris,75018,48 Rue René Clair 75018 Île-de-France France,48.8939059,2.354347,4,Room 8F
2021-11-01T09:19:25Z,VOCT,9,PandoSensors,B3D54FD000088F,1,Pando2,Paris,75018,48 Rue René Clair 75018 Île-de-France France,48.8939059,2.354347,4,Room 8F
2021-11-01T09:09:25Z,CO2,503,PandoSensors,B3D54FD000088F,1,Pando2,Paris,75018,48 Rue René Clair 75018 Île-de-France France,48.8939059,2.354347,4,Room 8F
2021-11-01T09:09:25Z,HUM,56,PandoSensors,B3D54FD000088F,1,Pando2,Paris,75018,48 Rue René Clair 75018 Île-de-France France,48.8939059,2.354347,4,Room 8F
2021-11-01T09:09:25Z,TMP,17,PandoSensors,B3D54FD000088F,1,Pando2,Paris,75018,48 Rue René Clair 75018 Île-de-France France,48.8939059,2.354347,4,Room 8F
2021-11-01T09:09:25Z,VOCT,18,PandoSensors,B3D54FD000088F,1,Pando2,Paris,75018,48 Rue René Clair 75018 Île-de-France France,48.8939059,2.354347,4,Room 8F
2021-11-01T08:59:25Z,CO2,481,PandoSensors,B3D54FD000088F,1,Pando2,Paris,75018,48 Rue René Clair 75018 Île-de-France France,48.8939059,2.354347,4,Room 8F
2021-11-01T08:59:25Z,HUM,56,PandoSensors,B3D54FD000088F,1,Pando2,Paris,75018,48 Rue René Clair 75018 Île-de-France France,48.8939059,2.354347,4,Room 8F
2021-11-01T08:59:25Z,TMP,17,PandoSensors,B3D54FD000088F,1,Pando2,Paris,75018,48 Rue René Clair 75018 Île-de-France France,48.8939059,2.354347,4,Room 8F
2021-11-01T08:59:25Z,VOCT,36,PandoSensors,B3D54FD000088F,1,Pando2,Paris,75018,48 Rue René Clair 75018 Île-de-France France,48.8939059,2.354347,4,Room 8F
2021-11-01T08:49:24Z,CO2,434,PandoSensors,B3D54FD000088F,1,Pando2,Paris,75018,48 Rue René Clair 75018 Île-de-France France,48.8939059,2.354347,4,Room 8F
2021-11-01T08:49:24Z,HUM,56,PandoSensors,B3D54FD000088F,1,Pando2,Paris,75018,48 Rue René Clair 75018 Île-de-France France,48.8939059,2.354347,4,Room 8F
2021-11-01T08:49:24Z,TMP,17,PandoSensors,B3D54FD000088F,1,Pando2,Paris,75018,48 Rue René Clair 75018 Île-de-France France,48.8939059,2.354347,4,Room 8F
2021-11-01T08:49:24Z,VOCT,54,PandoSensors,B3D54FD000088F,1,Pando2,Paris,75018,48 Rue René Clair 75018 Île-de-France France,48.8939059,2.354347,4,Room 8F
2021-11-01T08:39:24Z,CO2,512,PandoSensors,B3D54FD000088F,1,Pando2,Paris,75018,48 Rue René Clair 75018 Île-de-France France,48.8939059,2.354347,4,Room 8F
2021-11-01T08:39:24Z,HUM,56,PandoSensors,B3D54FD000088F,1,Pando2,Paris,75018,48 Rue René Clair 75018 Île-de-France France,48.8939059,2.354347,4,Room 8F
2021-11-01T08:39:24Z,TMP,17,PandoSensors,B3D54FD000088F,1,Pando2,Paris,75018,48 Rue René Clair 75018 Île-de-France France,48.8939059,2.354347,4,Room 8F
2021-11-01T08:39:24Z,VOCT,40,PandoSensors,B3D54FD000088F,1,Pando2,Paris,75018,48 Rue René Clair 75018 Île-de-France France,48.8939059,2.354347,4,Room 8F
2021-11-01T08:29:24Z,CO2,473,PandoSensors,B3D54FD000088F,1,Pando2,Paris,75018,48 Rue René Clair 75018 Île-de-France France,48.8939059,2.354347,4,Room 8F
2021-11-01T08:29:24Z,HUM,56,PandoSensors,B3D54FD000088F,1,Pando2,Paris,75018,48 Rue René Clair 75018 Île-de-France France,48.8939059,2.354347,4,Room 8F
2021-11-01T08:29:24Z,TMP,17,PandoSensors,B3D54FD000088F,1,Pando2,Paris,75018,48 Rue René Clair 75018 Île-de-France France,48.8939059,2.354347,4,Room 8F
2021-11-01T08:29:24Z,VOCT,36,PandoSensors,B3D54FD000088F,1,Pando2,Paris,75018,48 Rue René Clair 75018 Île-de-France France,48.8939059,2.354347,4,Room 8F
2021-11-01T08:19:24Z,CO2,447,PandoSensors,B3D54FD000088F,1,Pando2,Paris,75018,48 Rue René Clair 75018 Île-de-France France,48.8939059,2.354347,4,Room 8F
2021-11-01T08:19:24Z,HUM,56,PandoSensors,B3D54FD000088F,1,Pando2,Paris,75018,48 Rue René Clair 75018 Île-de-France France,48.8939059,2.354347,4,Room 8F
2021-11-01T08:19:24Z,TMP,17,PandoSensors,B3D54FD000088F,1,Pando2,Paris,75018,48 Rue René Clair 75018 Île-de-France France,48.8939059,2.354347,4,Room 8F
2021-11-01T08:19:24Z,VOCT,45,PandoSensors,B3D54FD000088F,1,Pando2,Paris,75018,48 Rue René Clair 75018 Île-de-France France,48.8939059,2.354347,4,Room 8F
2021-11-01T08:09:24Z,CO2,471,PandoSensors,B3D54FD000088F,1,Pando2,Paris,75018,48 Rue René Clair 75018 Île-de-France France,48.8939059,2.354347,4,Room 8F
2021-11-01T08:09:24Z,HUM,56,PandoSensors,B3D54FD000088F,1,Pando2,Paris,75018,48 Rue René Clair 75018 Île-de-France France,48.8939059,2.354347,4,Room 8F
2021-11-01T08:09:24Z,TMP,17,PandoSensors,B3D54FD000088F,1,Pando2,Paris,75018,48 Rue René Clair 75018 Île-de-France France,48.8939059,2.354347,4,Room 8F
2021-11-01T08:09:24Z,VOCT,67,PandoSensors,B3D54FD000088F,1,Pando2,Paris,75018,48 Rue René Clair 75018 Île-de-France France,48.8939059,2.354347,4,Room 8F
2021-11-01T07:59:24Z,CO2,485,PandoSensors,B3D54FD000088F,1,Pando2,Paris,75018,48 Rue René Clair 75018 Île-de-France France,48.8939059,2.354347,4,Room 8F
2021-11-01T07:59:24Z,HUM,56,PandoSensors,B3D54FD000088F,1,Pando2,Paris,75018,48 Rue René Clair 75018 Île-de-France France,48.8939059,2.354347,4,Room 8F
2021-11-01T07:59:24Z,TMP,17,PandoSensors,B3D54FD000088F,1,Pando2,Paris,75018,48 Rue René Clair 75018 Île-de-France France,48.8939059,2.354347,4,Room 8F
2021-11-01T07:59:24Z,VOCT,58,PandoSensors,B3D54FD000088F,1,Pando2,Paris,75018,48 Rue René Clair 75018 Île-de-France France,48.8939059,2.354347,4,Room 8F
2021-11-01T07:49:24Z,CO2,459,PandoSensors,B3D54FD000088F,1,Pando2,Paris,75018,48 Rue René Clair 75018 Île-de-France France,48.8939059,2.354347,4,Room 8F
2021-11-01T07:49:24Z,HUM,56,PandoSensors,B3D54FD000088F,1,Pando2,Paris,75018,48 Rue René Clair 75018 Île-de-France France,48.8939059,2.354347,4,Room 8F
2021-11-01T07:49:24Z,TMP,17,PandoSensors,B3D54FD000088F,1,Pando2,Paris,75018,48 Rue René Clair 75018 Île-de-France France,48.8939059,2.354347,4,Room 8F
2021-11-01T07:49:24Z,VOCT,81,PandoSensors,B3D54FD000088F,1,Pando2,Paris,75018,48 Rue René Clair 75018 Île-de-France France,48.8939059,2.354347,4,Room 8F
2021-11-01T07:39:23Z,CO2,488,PandoSensors,B3D54FD000088F,1,Pando2,Paris,75018,48 Rue René Clair 75018 Île-de-France France,48.8939059,2.354347,4,Room 8F
2021-11-01T07:39:23Z,HUM,56,PandoSensors,B3D54FD000088F,1,Pando2,Paris,75018,48 Rue René Clair 75018 Île-de-France France,48.8939059,2.354347,4,Room 8F
2021-11-01T07:39:23Z,TMP,17,PandoSensors,B3D54FD000088F,1,Pando2,Paris,75018,48 Rue René Clair 75018 Île-de-France France,48.8939059,2.354347,4,Room 8F
2021-11-01T07:39:23Z,VOCT,67,PandoSensors,B3D54FD000088F,1,Pando2,Paris,75018,48 Rue René Clair 75018 Île-de-France France,48.8939059,2.354347,4,Room 8F
2021-11-01T07:29:23Z,CO2,494,PandoSensors,B3D54FD000088F,1,Pando2,Paris,75018,48 Rue René Clair 75018 Île-de-France France,48.8939059,2.354347,4,Room 8F
2021-11-01T07:29:23Z,HUM,56,PandoSensors,B3D54FD000088F,1,Pando2,Paris,75018,48 Rue René Clair 75018 Île-de-France France,48.8939059,2.354347,4,Room 8F
2021-11-01T07:29:23Z,TMP,17,PandoSensors,B3D54FD000088F,1,Pando2,Paris,75018,48 Rue René Clair 75018 Île-de-France France,48.8939059,2.354347,4,Room 8F
2021-11-01T07:29:23Z,VOCT,45,PandoSensors,B3D54FD000088F,1,Pando2,Paris,75018,48 Rue René Clair 75018 Île-de-France France,48.8939059,2.354347,4,Room 8F
2021-11-01T07:19:23Z,CO2,449,PandoSensors,B3D54FD000088F,1,Pando2,Paris,75018,48 Rue René Clair 75018 Île-de-France France,48.8939059,2.354347,4,Room 8F
2021-11-01T07:19:23Z,HUM,56,PandoSensors,B3D54FD000088F,1,Pando2,Paris,75018,48 Rue René Clair 75018 Île-de-France France,48.8939059,2.354347,4,Room 8F
2021-11-01T07:19:23Z,TMP,17,PandoSensors,B3D54FD000088F,1,Pando2,Paris,75018,48 Rue René Clair 75018 Île-de-France France,48.8939059,2.354347,4,Room 8F
2021-11-01T07:19:23Z,VOCT,94,PandoSensors,B3D54FD000088F,1,Pando2,Paris,75018,48 Rue René Clair 75018 Île-de-France France,48.8939059,2.354347,4,Room 8F
2021-11-01T07:09:23Z,CO2,486,PandoSensors,B3D54FD000088F,1,Pando2,Paris,75018,48 Rue René Clair 75018 Île-de-France France,48.8939059,2.354347,4,Room 8F
2021-11-01T07:09:23Z,HUM,56,PandoSensors,B3D54FD000088F,1,Pando2,Paris,75018,48 Rue René Clair 75018 Île-de-France France,48.8939059,2.354347,4,Room 8F
2021-11-01T07:09:23Z,TMP,17,PandoSensors,B3D54FD000088F,1,Pando2,Paris,75018,48 Rue René Clair 75018 Île-de-France France,48.8939059,2.354347,4,Room 8F
2021-11-01T07:09:23Z,VOCT,40,PandoSensors,B3D54FD000088F,1,Pando2,Paris,75018,48 Rue René Clair 75018 Île-de-France France,48.8939059,2.354347,4,Room 8F
2021-11-01T06:59:23Z,CO2,456,PandoSensors,B3D54FD000088F,1,Pando2,Paris,75018,48 Rue René Clair 75018 Île-de-France France,48.8939059,2.354347,4,Room 8F
2021-11-01T06:59:23Z,HUM,56,PandoSensors,B3D54FD000088F,1,Pando2,Paris,75018,48 Rue René Clair 75018 Île-de-France France,48.8939059,2.354347,4,Room 8F
2021-11-01T06:59:23Z,TMP,17,PandoSensors,B3D54FD000088F,1,Pando2,Paris,75018,48 Rue René Clair 75018 Île-de-France France,48.8939059,2.354347,4,Room 8F
2021-11-01T06:59:23Z,VOCT,45,PandoSensors,B3D54FD000088F,1,Pando2,Paris,75018,48 Rue René Clair 75018 Île-de-France France,48.8939059,2.354347,4,Room 8F
2021-11-01T06:49:23Z,CO2,465,PandoSensors,B3D54FD000088F,1,Pando2,Paris,75018,48 Rue René Clair 75018 Île-de-France France,48.8939059,2.354347,4,Room 8F
2021-11-01T06:49:23Z,HUM,56,PandoSensors,B3D54FD000088F,1,Pando2,Paris,75018,48 Rue René Clair 75018 Île-de-France France,48.8939059,2.354347,4,Room 8F
2021-11-01T06:49:23Z,TMP,17,PandoSensors,B3D54FD000088F,1,Pando2,Paris,75018,48 Rue René Clair 75018 Île-de-France France,48.8939059,2.354347,4,Room 8F
2021-11-01T06:49:23Z,VOCT,63,PandoSensors,B3D54FD000088F,1,Pando2,Paris,75018,48 Rue René Clair 75018 Île-de-France France,48.8939059,2.354347,4,Room 8F
2021-11-01T06:39:23Z,CO2,467,PandoSensors,B3D54FD000088F,1,Pando2,Paris,75018,48 Rue René Clair 75018 Île-de-France France,48.8939059,2.354347,4,Room 8F
2021-11-01T06:39:23Z,HUM,56,PandoSensors,B3D54FD000088F,1,Pando2,Paris,75018,48 Rue René Clair 75018 Île-de-France France,48.8939059,2.354347,4,Room 8F
2021-11-01T06:39:23Z,TMP,17,PandoSensors,B3D54FD000088F,1,Pando2,Paris,75018,48 Rue René Clair 75018 Île-de-France France,48.8939059,2.354347,4,Room 8F
2021-11-01T06:39:23Z,VOCT,45,PandoSensors,B3D54FD000088F,1,Pando2,Paris,75018,48 Rue René Clair 75018 Île-de-France France,48.8939059,2.354347,4,Room 8F
2021-11-01T06:29:23Z,CO2,500,PandoSensors,B3D54FD000088F,1,Pando2,Paris,75018,48 Rue René Clair 75018 Île-de-France France,48.8939059,2.354347,4,Room 8F
2021-11-01T06:29:23Z,HUM,56,PandoSensors,B3D54FD000088F,1,Pando2,Paris,75018,48 Rue René Clair 75018 Île-de-France France,48.8939059,2.354347,4,Room 8F
2021-11-01T06:29:23Z,TMP,17,PandoSensors,B3D54FD000088F,1,Pando2,Paris,75018,48 Rue René Clair 75018 Île-de-France France,48.8939059,2.354347,4,Room 8F
2021-11-01T06:29:23Z,VOCT,13,PandoSensors,B3D54FD000088F,1,Pando2,Paris,75018,48 Rue René Clair 75018 Île-de-France France,48.8939059,2.354347,4,Room 8F
2021-11-01T06:09:23Z,CO2,494,PandoSensors,B3D54FD000088F,1,Pando2,Paris,75018,48 Rue René Clair 75018 Île-de-France France,48.8939059,2.354347,4,Room 8F
2021-11-01T06:09:23Z,HUM,56,PandoSensors,B3D54FD000088F,1,Pando2,Paris,75018,48 Rue René Clair 75018 Île-de-France France,48.8939059,2.354347,4,Room 8F
2021-11-01T06:09:23Z,TMP,17,PandoSensors,B3D54FD000088F,1,Pando2,Paris,75018,48 Rue René Clair 75018 Île-de-France France,48.8939059,2.354347,4,Room 8F
2021-11-01T06:09:23Z,VOCT,4,PandoSensors,B3D54FD000088F,1,Pando2,Paris,75018,48 Rue René Clair 75018 Île-de-France France,48.8939059,2.354347,4,Room 8F
2021-11-01T05:59:22Z,CO2,463,PandoSensors,B3D54FD000088F,1,Pando2,Paris,75018,48 Rue René Clair 75018 Île-de-France France,48.8939059,2.354347,4,Room 8F
2021-11-01T05:59:22Z,HUM,56,PandoSensors,B3D54FD000088F,1,Pando2,Paris,75018,48 Rue René Clair 75018 Île-de-France France,48.8939059,2.354347,4,Room 8F
2021-11-01T05:59:22Z,TMP,17,PandoSensors,B3D54FD000088F,1,Pando2,Paris,75018,48 Rue René Clair 75018 Île-de-France France,48.8939059,2.354347,4,Room 8F
2021-11-01T05:59:22Z,VOCT,22,PandoSensors,B3D54FD000088F,1,Pando2,Paris,75018,48 Rue René Clair 75018 Île-de-France France,48.8939059,2.354347,4,Room 8F
2021-11-01T05:49:22Z,CO2,477,PandoSensors,B3D54FD000088F,1,Pando2,Paris,75018,48 Rue René Clair 75018 Île-de-France France,48.8939059,2.354347,4,Room 8F
2021-11-01T05:49:22Z,HUM,56,PandoSensors,B3D54FD000088F,1,Pando2,Paris,75018,48 Rue René Clair 75018 Île-de-France France,48.8939059,2.354347,4,Room 8F
2021-11-01T05:49:22Z,TMP,17,PandoSensors,B3D54FD000088F,1,Pando2,Paris,75018,48 Rue René Clair 75018 Île-de-France France,48.8939059,2.354347,4,Room 8F
2021-11-01T05:49:22Z,VOCT,49,PandoSensors,B3D54FD000088F,1,Pando2,Paris,75018,48 Rue René Clair 75018 Île-de-France France,48.8939059,2.354347,4,Room 8F
2021-11-01T05:29:22Z,CO2,502,PandoSensors,B3D54FD000088F,1,Pando2,Paris,75018,48 Rue René Clair 75018 Île-de-France France,48.8939059,2.354347,4,Room 8F
2021-11-01T05:29:22Z,HUM,56,PandoSensors,B3D54FD000088F,1,Pando2,Paris,75018,48 Rue René Clair 75018 Île-de-France France,48.8939059,2.354347,4,Room 8F
2021-11-01T05:29:22Z,TMP,17,PandoSensors,B3D54FD000088F,1,Pando2,Paris,75018,48 Rue René Clair 75018 Île-de-France France,48.8939059,2.354347,4,Room 8F
2021-11-01T05:29:22Z,VOCT,40,PandoSensors,B3D54FD000088F,1,Pando2,Paris,75018,48 Rue René Clair 75018 Île-de-France France,48.8939059,2.354347,4,Room 8F
2021-11-01T05:19:22Z,CO2,451,PandoSensors,B3D54FD000088F,1,Pando2,Paris,75018,48 Rue René Clair 75018 Île-de-France France,48.8939059,2.354347,4,Room 8F
2021-11-01T05:19:22Z,HUM,56,PandoSensors,B3D54FD000088F,1,Pando2,Paris,75018,48 Rue René Clair 75018 Île-de-France France,48.8939059,2.354347,4,Room 8F
2021-11-01T05:19:22Z,TMP,17,PandoSensors,B3D54FD000088F,1,Pando2,Paris,75018,48 Rue René Clair 75018 Île-de-France France,48.8939059,2.354347,4,Room 8F
2021-11-01T05:19:22Z,VOCT,45,PandoSensors,B3D54FD000088F,1,Pando2,Paris,75018,48 Rue René Clair 75018 Île-de-France France,48.8939059,2.354347,4,Room 8F
2021-11-01T05:09:22Z,CO2,515,PandoSensors,B3D54FD000088F,1,Pando2,Paris,75018,48 Rue René Clair 75018 Île-de-France France,48.8939059,2.354347,4,Room 8F
2021-11-01T05:09:22Z,HUM,57,PandoSensors,B3D54FD000088F,1,Pando2,Paris,75018,48 Rue René Clair 75018 Île-de-France France,48.8939059,2.354347,4,Room 8F
2021-11-01T05:09:22Z,TMP,17,PandoSensors,B3D54FD000088F,1,Pando2,Paris,75018,48 Rue René Clair 75018 Île-de-France France,48.8939059,2.354347,4,Room 8F
2021-11-01T05:09:22Z,VOCT,31,PandoSensors,B3D54FD000088F,1,Pando2,Paris,75018,48 Rue René Clair 75018 Île-de-France France,48.8939059,2.354347,4,Room 8F
2021-11-01T04:59:21Z,CO2,492,PandoSensors,B3D54FD000088F,1,Pando2,Paris,75018,48 Rue René Clair 75018 Île-de-France France,48.8939059,2.354347,4,Room 8F
2021-11-01T04:59:21Z,HUM,57,PandoSensors,B3D54FD000088F,1,Pando2,Paris,75018,48 Rue René Clair 75018 Île-de-France France,48.8939059,2.354347,4,Room 8F
2021-11-01T04:59:21Z,TMP,17,PandoSensors,B3D54FD000088F,1,Pando2,Paris,75018,48 Rue René Clair 75018 Île-de-France France,48.8939059,2.354347,4,Room 8F
2021-11-01T04:59:21Z,VOCT,13,PandoSensors,B3D54FD000088F,1,Pando2,Paris,75018,48 Rue René Clair 75018 Île-de-France France,48.8939059,2.354347,4,Room 8F
2021-11-01T04:49:21Z,CO2,465,PandoSensors,B3D54FD000088F,1,Pando2,Paris,75018,48 Rue René Clair 75018 Île-de-France France,48.8939059,2.354347,4,Room 8F
2021-11-01T04:49:21Z,HUM,56,PandoSensors,B3D54FD000088F,1,Pando2,Paris,75018,48 Rue René Clair 75018 Île-de-France France,48.8939059,2.354347,4,Room 8F
2021-11-01T04:49:21Z,TMP,17,PandoSensors,B3D54FD000088F,1,Pando2,Paris,75018,48 Rue René Clair 75018 Île-de-France France,48.8939059,2.354347,4,Room 8F
2021-11-01T04:49:21Z,VOCT,9,PandoSensors,B3D54FD000088F,1,Pando2,Paris,75018,48 Rue René Clair 75018 Île-de-France France,48.8939059,2.354347,4,Room 8F
2021-11-01T04:39:21Z,CO2,475,PandoSensors,B3D54FD000088F,1,Pando2,Paris,75018,48 Rue René Clair 75018 Île-de-France France,48.8939059,2.354347,4,Room 8F
2021-11-01T04:39:21Z,HUM,57,PandoSensors,B3D54FD000088F,1,Pando2,Paris,75018,48 Rue René Clair 75018 Île-de-France France,48.8939059,2.354347,4,Room 8F
2021-11-01T04:39:21Z,TMP,17,PandoSensors,B3D54FD000088F,1,Pando2,Paris,75018,48 Rue René Clair 75018 Île-de-France France,48.8939059,2.354347,4,Room 8F
2021-11-01T04:39:21Z,VOCT,22,PandoSensors,B3D54FD000088F,1,Pando2,Paris,75018,48 Rue René Clair 75018 Île-de-France France,48.8939059,2.354347,4,Room 8F
2021-11-01T04:29:21Z,CO2,477,PandoSensors,B3D54FD000088F,1,Pando2,Paris,75018,48 Rue René Clair 75018 Île-de-France France,48.8939059,2.354347,4,Room 8F
2021-11-01T04:29:21Z,HUM,57,PandoSensors,B3D54FD000088F,1,Pando2,Paris,75018,48 Rue René Clair 75018 Île-de-France France,48.8939059,2.354347,4,Room 8F
2021-11-01T04:29:21Z,TMP,17,PandoSensors,B3D54FD000088F,1,Pando2,Paris,75018,48 Rue René Clair 75018 Île-de-France France,48.8939059,2.354347,4,Room 8F
2021-11-01T04:29:21Z,VOCT,45,PandoSensors,B3D54FD000088F,1,Pando2,Paris,75018,48 Rue René Clair 75018 Île-de-France France,48.8939059,2.354347,4,Room 8F
2021-11-01T04:09:21Z,CO2,473,PandoSensors,B3D54FD000088F,1,Pando2,Paris,75018,48 Rue René Clair 75018 Île-de-France France,48.8939059,2.354347,4,Room 8F
2021-11-01T04:09:21Z,HUM,57,PandoSensors,B3D54FD000088F,1,Pando2,Paris,75018,48 Rue René Clair 75018 Île-de-France France,48.8939059,2.354347,4,Room 8F
2021-11-01T04:09:21Z,TMP,17,PandoSensors,B3D54FD000088F,1,Pando2,Paris,75018,48 Rue René Clair 75018 Île-de-France France,48.8939059,2.354347,4,Room 8F
2021-11-01T04:09:21Z,VOCT,13,PandoSensors,B3D54FD000088F,1,Pando2,Paris,75018,48 Rue René Clair 75018 Île-de-France France,48.8939059,2.354347,4,Room 8F
2021-11-01T03:59:21Z,CO2,490,PandoSensors,B3D54FD000088F,1,Pando2,Paris,75018,48 Rue René Clair 75018 Île-de-France France,48.8939059,2.354347,4,Room 8F
2021-11-01T03:59:21Z,HUM,57,PandoSensors,B3D54FD000088F,1,Pando2,Paris,75018,48 Rue René Clair 75018 Île-de-France France,48.8939059,2.354347,4,Room 8F
2021-11-01T03:59:21Z,TMP,17,PandoSensors,B3D54FD000088F,1,Pando2,Paris,75018,48 Rue René Clair 75018 Île-de-France France,48.8939059,2.354347,4,Room 8F
2021-11-01T03:59:21Z,VOCT,31,PandoSensors,B3D54FD000088F,1,Pando2,Paris,75018,48 Rue René Clair 75018 Île-de-France France,48.8939059,2.354347,4,Room 8F
2021-11-01T03:49:21Z,CO2,478,PandoSensors,B3D54FD000088F,1,Pando2,Paris,75018,48 Rue René Clair 75018 Île-de-France France,48.8939059,2.354347,4,Room 8F
2021-11-01T03:49:21Z,HUM,57,PandoSensors,B3D54FD000088F,1,Pando2,Paris,75018,48 Rue René Clair 75018 Île-de-France France,48.8939059,2.354347,4,Room 8F
2021-11-01T03:49:21Z,TMP,17,PandoSensors,B3D54FD000088F,1,Pando2,Paris,75018,48 Rue René Clair 75018 Île-de-France France,48.8939059,2.354347,4,Room 8F
2021-11-01T03:49:21Z,VOCT,36,PandoSensors,B3D54FD000088F,1,Pando2,Paris,75018,48 Rue René Clair 75018 Île-de-France France,48.8939059,2.354347,4,Room 8F
2021-11-01T03:39:20Z,CO2,485,PandoSensors,B3D54FD000088F,1,Pando2,Paris,75018,48 Rue René Clair 75018 Île-de-France France,48.8939059,2.354347,4,Room 8F
2021-11-01T03:39:20Z,HUM,57,PandoSensors,B3D54FD000088F,1,Pando2,Paris,75018,48 Rue René Clair 75018 Île-de-France France,48.8939059,2.354347,4,Room 8F
2021-11-01T03:39:20Z,TMP,17,PandoSensors,B3D54FD000088F,1,Pando2,Paris,75018,48 Rue René Clair 75018 Île-de-France France,48.8939059,2.354347,4,Room 8F
2021-11-01T03:39:20Z,VOCT,31,PandoSensors,B3D54FD000088F,1,Pando2,Paris,75018,48 Rue René Clair 75018 Île-de-France France,48.8939059,2.354347,4,Room 8F
2021-11-01T03:29:20Z,CO2,493,PandoSensors,B3D54FD000088F,1,Pando2,Paris,75018,48 Rue René Clair 75018 Île-de-France France,48.8939059,2.354347,4,Room 8F
2021-11-01T03:29:20Z,HUM,57,PandoSensors,B3D54FD000088F,1,Pando2,Paris,75018,48 Rue René Clair 75018 Île-de-France France,48.8939059,2.354347,4,Room 8F
2021-11-01T03:29:20Z,TMP,17,PandoSensors,B3D54FD000088F,1,Pando2,Paris,75018,48 Rue René Clair 75018 Île-de-France France,48.8939059,2.354347,4,Room 8F
2021-11-01T03:29:20Z,VOCT,9,PandoSensors,B3D54FD000088F,1,Pando2,Paris,75018,48 Rue René Clair 75018 Île-de-France France,48.8939059,2.354347,4,Room 8F
2021-11-01T03:19:20Z,CO2,501,PandoSensors,B3D54FD000088F,1,Pando2,Paris,75018,48 Rue René Clair 75018 Île-de-France France,48.8939059,2.354347,4,Room 8F
2021-11-01T03:19:20Z,HUM,57,PandoSensors,B3D54FD000088F,1,Pando2,Paris,75018,48 Rue René Clair 75018 Île-de-France France,48.8939059,2.354347,4,Room 8F
2021-11-01T03:19:20Z,TMP,17,PandoSensors,B3D54FD000088F,1,Pando2,Paris,75018,48 Rue René Clair 75018 Île-de-France France,48.8939059,2.354347,4,Room 8F
2021-11-01T03:19:20Z,VOCT,45,PandoSensors,B3D54FD000088F,1,Pando2,Paris,75018,48 Rue René Clair 75018 Île-de-France France,48.8939059,2.354347,4,Room 8F
2021-11-01T03:09:20Z,CO2,480,PandoSensors,B3D54FD000088F,1,Pando2,Paris,75018,48 Rue René Clair 75018 Île-de-France France,48.8939059,2.354347,4,Room 8F
2021-11-01T03:09:20Z,HUM,57,PandoSensors,B3D54FD000088F,1,Pando2,Paris,75018,48 Rue René Clair 75018 Île-de-France France,48.8939059,2.354347,4,Room 8F
2021-11-01T03:09:20Z,TMP,17,PandoSensors,B3D54FD000088F,1,Pando2,Paris,75018,48 Rue René Clair 75018 Île-de-France France,48.8939059,2.354347,4,Room 8F
2021-11-01T03:09:20Z,VOCT,22,PandoSensors,B3D54FD000088F,1,Pando2,Paris,75018,48 Rue René Clair 75018 Île-de-France France,48.8939059,2.354347,4,Room 8F
2021-11-01T02:59:20Z,CO2,479,PandoSensors,B3D54FD000088F,1,Pando2,Paris,75018,48 Rue René Clair 75018 Île-de-France France,48.8939059,2.354347,4,Room 8F
2021-11-01T02:59:20Z,HUM,58,PandoSensors,B3D54FD000088F,1,Pando2,Paris,75018,48 Rue René Clair 75018 Île-de-France France,48.8939059,2.354347,4,Room 8F
2021-11-01T02:59:20Z,TMP,17,PandoSensors,B3D54FD000088F,1,Pando2,Paris,75018,48 Rue René Clair 75018 Île-de-France France,48.8939059,2.354347,4,Room 8F
2021-11-01T02:59:20Z,VOCT,31,PandoSensors,B3D54FD000088F,1,Pando2,Paris,75018,48 Rue René Clair 75018 Île-de-France France,48.8939059,2.354347,4,Room 8F
2021-11-01T02:49:20Z,CO2,464,PandoSensors,B3D54FD000088F,1,Pando2,Paris,75018,48 Rue René Clair 75018 Île-de-France France,48.8939059,2.354347,4,Room 8F
2021-11-01T02:49:20Z,HUM,57,PandoSensors,B3D54FD000088F,1,Pando2,Paris,75018,48 Rue René Clair 75018 Île-de-France France,48.8939059,2.354347,4,Room 8F
2021-11-01T02:49:20Z,TMP,17,PandoSensors,B3D54FD000088F,1,Pando2,Paris,75018,48 Rue René Clair 75018 Île-de-France France,48.8939059,2.354347,4,Room 8F
2021-11-01T02:49:20Z,VOCT,36,PandoSensors,B3D54FD000088F,1,Pando2,Paris,75018,48 Rue René Clair 75018 Île-de-France France,48.8939059,2.354347,4,Room 8F
2021-11-01T02:39:20Z,CO2,500,PandoSensors,B3D54FD000088F,1,Pando2,Paris,75018,48 Rue René Clair 75018 Île-de-France France,48.8939059,2.354347,4,Room 8F
2021-11-01T02:39:20Z,HUM,57,PandoSensors,B3D54FD000088F,1,Pando2,Paris,75018,48 Rue René Clair 75018 Île-de-France France,48.8939059,2.354347,4,Room 8F
2021-11-01T02:39:20Z,TMP,17,PandoSensors,B3D54FD000088F,1,Pando2,Paris,75018,48 Rue René Clair 75018 Île-de-France France,48.8939059,2.354347,4,Room 8F
2021-11-01T02:39:20Z,VOCT,22,PandoSensors,B3D54FD000088F,1,Pando2,Paris,75018,48 Rue René Clair 75018 Île-de-France France,48.8939059,2.354347,4,Room 8F
2021-11-01T02:29:19Z,CO2,473,PandoSensors,B3D54FD000088F,1,Pando2,Paris,75018,48 Rue René Clair 75018 Île-de-France France,48.8939059,2.354347,4,Room 8F
2021-11-01T02:29:19Z,HUM,58,PandoSensors,B3D54FD000088F,1,Pando2,Paris,75018,48 Rue René Clair 75018 Île-de-France France,48.8939059,2.354347,4,Room 8F
2021-11-01T02:29:19Z,TMP,17,PandoSensors,B3D54FD000088F,1,Pando2,Paris,75018,48 Rue René Clair 75018 Île-de-France France,48.8939059,2.354347,4,Room 8F
2021-11-01T02:29:19Z,VOCT,22,PandoSensors,B3D54FD000088F,1,Pando2,Paris,75018,48 Rue René Clair 75018 Île-de-France France,48.8939059,2.354347,4,Room 8F
2021-11-01T02:19:19Z,CO2,473,PandoSensors,B3D54FD000088F,1,Pando2,Paris,75018,48 Rue René Clair 75018 Île-de-France France,48.8939059,2.354347,4,Room 8F
2021-11-01T02:19:19Z,HUM,58,PandoSensors,B3D54FD000088F,1,Pando2,Paris,75018,48 Rue René Clair 75018 Île-de-France France,48.8939059,2.354347,4,Room 8F
2021-11-01T02:19:19Z,TMP,17,PandoSensors,B3D54FD000088F,1,Pando2,Paris,75018,48 Rue René Clair 75018 Île-de-France France,48.8939059,2.354347,4,Room 8F
2021-11-01T02:19:19Z,VOCT,18,PandoSensors,B3D54FD000088F,1,Pando2,Paris,75018,48 Rue René Clair 75018 Île-de-France France,48.8939059,2.354347,4,Room 8F
2021-11-01T02:09:19Z,CO2,451,PandoSensors,B3D54FD000088F,1,Pando2,Paris,75018,48 Rue René Clair 75018 Île-de-France France,48.8939059,2.354347,4,Room 8F
2021-11-01T02:09:19Z,HUM,58,PandoSensors,B3D54FD000088F,1,Pando2,Paris,75018,48 Rue René Clair 75018 Île-de-France France,48.8939059,2.354347,4,Room 8F
2021-11-01T02:09:19Z,TMP,17,PandoSensors,B3D54FD000088F,1,Pando2,Paris,75018,48 Rue René Clair 75018 Île-de-France France,48.8939059,2.354347,4,Room 8F
2021-11-01T02:09:19Z,VOCT,22,PandoSensors,B3D54FD000088F,1,Pando2,Paris,75018,48 Rue René Clair 75018 Île-de-France France,48.8939059,2.354347,4,Room 8F
2021-11-01T01:59:19Z,CO2,467,PandoSensors,B3D54FD000088F,1,Pando2,Paris,75018,48 Rue René Clair 75018 Île-de-France France,48.8939059,2.354347,4,Room 8F
2021-11-01T01:59:19Z,HUM,58,PandoSensors,B3D54FD000088F,1,Pando2,Paris,75018,48 Rue René Clair 75018 Île-de-France France,48.8939059,2.354347,4,Room 8F
2021-11-01T01:59:19Z,TMP,17,PandoSensors,B3D54FD000088F,1,Pando2,Paris,75018,48 Rue René Clair 75018 Île-de-France France,48.8939059,2.354347,4,Room 8F
2021-11-01T01:59:19Z,VOCT,27,PandoSensors,B3D54FD000088F,1,Pando2,Paris,75018,48 Rue René Clair 75018 Île-de-France France,48.8939059,2.354347,4,Room 8F
2021-11-01T01:49:19Z,CO2,463,PandoSensors,B3D54FD000088F,1,Pando2,Paris,75018,48 Rue René Clair 75018 Île-de-France France,48.8939059,2.354347,4,Room 8F
2021-11-01T01:49:19Z,HUM,58,PandoSensors,B3D54FD000088F,1,Pando2,Paris,75018,48 Rue René Clair 75018 Île-de-France France,48.8939059,2.354347,4,Room 8F
2021-11-01T01:49:19Z,TMP,17,PandoSensors,B3D54FD000088F,1,Pando2,Paris,75018,48 Rue René Clair 75018 Île-de-France France,48.8939059,2.354347,4,Room 8F
2021-11-01T01:49:19Z,VOCT,9,PandoSensors,B3D54FD000088F,1,Pando2,Paris,75018,48 Rue René Clair 75018 Île-de-France France,48.8939059,2.354347,4,Room 8F
2021-11-01T01:39:19Z,CO2,494,PandoSensors,B3D54FD000088F,1,Pando2,Paris,75018,48 Rue René Clair 75018 Île-de-France France,48.8939059,2.354347,4,Room 8F
2021-11-01T01:39:19Z,HUM,58,PandoSensors,B3D54FD000088F,1,Pando2,Paris,75018,48 Rue René Clair 75018 Île-de-France France,48.8939059,2.354347,4,Room 8F
2021-11-01T01:39:19Z,TMP,17,PandoSensors,B3D54FD000088F,1,Pando2,Paris,75018,48 Rue René Clair 75018 Île-de-France France,48.8939059,2.354347,4,Room 8F
2021-11-01T01:39:19Z,VOCT,9,PandoSensors,B3D54FD000088F,1,Pando2,Paris,75018,48 Rue René Clair 75018 Île-de-France France,48.8939059,2.354347,4,Room 8F
2021-11-01T01:29:19Z,CO2,493,PandoSensors,B3D54FD000088F,1,Pando2,Paris,75018,48 Rue René Clair 75018 Île-de-France France,48.8939059,2.354347,4,Room 8F
2021-11-01T01:29:19Z,HUM,58,PandoSensors,B3D54FD000088F,1,Pando2,Paris,75018,48 Rue René Clair 75018 Île-de-France France,48.8939059,2.354347,4,Room 8F
2021-11-01T01:29:19Z,TMP,17,PandoSensors,B3D54FD000088F,1,Pando2,Paris,75018,48 Rue René Clair 75018 Île-de-France France,48.8939059,2.354347,4,Room 8F
2021-11-01T01:29:19Z,VOCT,27,PandoSensors,B3D54FD000088F,1,Pando2,Paris,75018,48 Rue René Clair 75018 Île-de-France France,48.8939059,2.354347,4,Room 8F
2021-11-01T01:19:19Z,CO2,486,PandoSensors,B3D54FD000088F,1,Pando2,Paris,75018,48 Rue René Clair 75018 Île-de-France France,48.8939059,2.354347,4,Room 8F
2021-11-01T01:19:19Z,HUM,58,PandoSensors,B3D54FD000088F,1,Pando2,Paris,75018,48 Rue René Clair 75018 Île-de-France France,48.8939059,2.354347,4,Room 8F
2021-11-01T01:19:19Z,TMP,17,PandoSensors,B3D54FD000088F,1,Pando2,Paris,75018,48 Rue René Clair 75018 Île-de-France France,48.8939059,2.354347,4,Room 8F
2021-11-01T01:19:19Z,VOCT,27,PandoSensors,B3D54FD000088F,1,Pando2,Paris,75018,48 Rue René Clair 75018 Île-de-France France,48.8939059,2.354347,4,Room 8F
2021-11-01T01:09:19Z,CO2,448,PandoSensors,B3D54FD000088F,1,Pando2,Paris,75018,48 Rue René Clair 75018 Île-de-France France,48.8939059,2.354347,4,Room 8F
2021-11-01T01:09:19Z,HUM,58,PandoSensors,B3D54FD000088F,1,Pando2,Paris,75018,48 Rue René Clair 75018 Île-de-France France,48.8939059,2.354347,4,Room 8F
2021-11-01T01:09:19Z,TMP,17,PandoSensors,B3D54FD000088F,1,Pando2,Paris,75018,48 Rue René Clair 75018 Île-de-France France,48.8939059,2.354347,4,Room 8F
2021-11-01T01:09:19Z,VOCT,13,PandoSensors,B3D54FD000088F,1,Pando2,Paris,75018,48 Rue René Clair 75018 Île-de-France France,48.8939059,2.354347,4,Room 8F
2021-11-01T00:59:18Z,CO2,483,PandoSensors,B3D54FD000088F,1,Pando2,Paris,75018,48 Rue René Clair 75018 Île-de-France France,48.8939059,2.354347,4,Room 8F
2021-11-01T00:59:18Z,HUM,58,PandoSensors,B3D54FD000088F,1,Pando2,Paris,75018,48 Rue René Clair 75018 Île-de-France France,48.8939059,2.354347,4,Room 8F
2021-11-01T00:59:18Z,TMP,17,PandoSensors,B3D54FD000088F,1,Pando2,Paris,75018,48 Rue René Clair 75018 Île-de-France France,48.8939059,2.354347,4,Room 8F
2021-11-01T00:59:18Z,VOCT,0,PandoSensors,B3D54FD000088F,1,Pando2,Paris,75018,48 Rue René Clair 75018 Île-de-France France,48.8939059,2.354347,4,Room 8F
2021-11-01T00:49:18Z,CO2,481,PandoSensors,B3D54FD000088F,1,Pando2,Paris,75018,48 Rue René Clair 75018 Île-de-France France,48.8939059,2.354347,4,Room 8F
2021-11-01T00:49:18Z,HUM,58,PandoSensors,B3D54FD000088F,1,Pando2,Paris,75018,48 Rue René Clair 75018 Île-de-France France,48.8939059,2.354347,4,Room 8F
2021-11-01T00:49:18Z,TMP,17,PandoSensors,B3D54FD000088F,1,Pando2,Paris,75018,48 Rue René Clair 75018 Île-de-France France,48.8939059,2.354347,4,Room 8F
2021-11-01T00:49:18Z,VOCT,13,PandoSensors,B3D54FD000088F,1,Pando2,Paris,75018,48 Rue René Clair 75018 Île-de-France France,48.8939059,2.354347,4,Room 8F
2021-11-01T00:39:18Z,CO2,492,PandoSensors,B3D54FD000088F,1,Pando2,Paris,75018,48 Rue René Clair 75018 Île-de-France France,48.8939059,2.354347,4,Room 8F
2021-11-01T00:39:18Z,HUM,58,PandoSensors,B3D54FD000088F,1,Pando2,Paris,75018,48 Rue René Clair 75018 Île-de-France France,48.8939059,2.354347,4,Room 8F
2021-11-01T00:39:18Z,TMP,17,PandoSensors,B3D54FD000088F,1,Pando2,Paris,75018,48 Rue René Clair 75018 Île-de-France France,48.8939059,2.354347,4,Room 8F
2021-11-01T00:39:18Z,VOCT,40,PandoSensors,B3D54FD000088F,1,Pando2,Paris,75018,48 Rue René Clair 75018 Île-de-France France,48.8939059,2.354347,4,Room 8F
2021-11-01T00:29:18Z,CO2,442,PandoSensors,B3D54FD000088F,1,Pando2,Paris,75018,48 Rue René Clair 75018 Île-de-France France,48.8939059,2.354347,4,Room 8F
2021-11-01T00:29:18Z,HUM,59,PandoSensors,B3D54FD000088F,1,Pando2,Paris,75018,48 Rue René Clair 75018 Île-de-France France,48.8939059,2.354347,4,Room 8F
2021-11-01T00:29:18Z,TMP,17,PandoSensors,B3D54FD000088F,1,Pando2,Paris,75018,48 Rue René Clair 75018 Île-de-France France,48.8939059,2.354347,4,Room 8F
2021-11-01T00:29:18Z,VOCT,67,PandoSensors,B3D54FD000088F,1,Pando2,Paris,75018,48 Rue René Clair 75018 Île-de-France France,48.8939059,2.354347,4,Room 8F
2021-11-01T00:09:18Z,CO2,463,PandoSensors,B3D54FD000088F,1,Pando2,Paris,75018,48 Rue René Clair 75018 Île-de-France France,48.8939059,2.354347,4,Room 8F
2021-11-01T00:09:18Z,HUM,59,PandoSensors,B3D54FD000088F,1,Pando2,Paris,75018,48 Rue René Clair 75018 Île-de-France France,48.8939059,2.354347,4,Room 8F
2021-11-01T00:09:18Z,TMP,17,PandoSensors,B3D54FD000088F,1,Pando2,Paris,75018,48 Rue René Clair 75018 Île-de-France France,48.8939059,2.354347,4,Room 8F
2021-11-01T00:09:18Z,VOCT,31,PandoSensors,B3D54FD000088F,1,Pando2,Paris,75018,48 Rue René Clair 75018 Île-de-France France,48.8939059,2.354347,4,Room 8F